file,section,section_label,col,bottom_label,upper_fragments,CORRECT_dim1,CORRECT_dim2,note
Edu_Mt467,1,1.高等教育(1),,,,,,"EXCLUDED — cross-section, no year rows"
Edu_Mt467,2,2.中等教育(1)(2),,,,,,"EXCLUDED — cross-section, no year rows"
Edu_Mt467,3,3.國民教育,,,,,,"EXCLUDED — cross-section, no year rows"
Edu_Mt467,4,4.社會教育,,,,,,"EXCLUDED — cross-section, no year rows"
Edu_Mt468,1,,2.0,校數,大,大學,校數,machine-proposed; needs human check
Edu_Mt468,1,,3.0,教員數,,大學,教員數,machine-proposed; needs human check
Edu_Mt468,1,,4.0,學生數,學,大學,學生數,machine-proposed; needs human check
Edu_Mt468,1,,5.0,校數,專門學校,專門學校,校數,machine-proposed; needs human check
Edu_Mt468,1,,6.0,教員數,,專門學校,教員數,machine-proposed; needs human check
Edu_Mt468,1,,7.0,學生數,,專門學校,學生數,machine-proposed; needs human check
Edu_Mt468,1,,8.0,校數,師範學校,師範學校,校數,machine-proposed; needs human check
Edu_Mt468,1,,9.0,教員數,,師範學校,教員數,machine-proposed; needs human check
Edu_Mt468,1,,10.0,學生數,,師範學校,學生數,machine-proposed; needs human check
Edu_Mt468,1,,11.0,校數,中等學校(2),中等學校(2),校數,machine-proposed; needs human check
Edu_Mt468,1,,12.0,教員數,,中等學校(2),教員數,machine-proposed; needs human check
Edu_Mt468,1,,13.0,學生數,,中等學校(2),學生數,machine-proposed; needs human check
Edu_Mt468,1,,14.0,校數,職業學校(3),職業學校(3),校數,machine-proposed; needs human check
Edu_Mt468,1,,15.0,教員數,,職業學校(3),教員數,machine-proposed; needs human check
Edu_Mt468,1,,16.0,學生數,,職業學校(3),學生數,machine-proposed; needs human check
Edu_Mt468,1,,17.0,校數,國民學校,國民學校,校數,machine-proposed; needs human check
Edu_Mt468,1,,18.0,教員數,,國民學校,教員數,machine-proposed; needs human check
Edu_Mt468,1,,19.0,學生數,,國民學校,學生數,machine-proposed; needs human check
Edu_Mt468,1,,20.0,校數,盲啞學校,盲啞學校,校數,machine-proposed; needs human check
Edu_Mt468,1,,21.0,教員數,,盲啞學校,教員數,machine-proposed; needs human check
Edu_Mt468,1,,22.0,學生數,,盲啞學校,學生數,machine-proposed; needs human check
Edu_Mt468,1,,23.0,校數,特種學校,特種學校,校數,machine-proposed; needs human check
Edu_Mt468,1,,24.0,教員數,,特種學校,教員數,machine-proposed; needs human check
Edu_Mt468,1,,25.0,學生數,,特種學校,學生數,machine-proposed; needs human check
Edu_Mt468,1,,26.0,校數,私,私塾,校數,machine-proposed; needs human check
Edu_Mt468,1,,27.0,教員數,,私塾,教員數,machine-proposed; needs human check
Edu_Mt468,1,,28.0,學生數,塾,私塾,學生數,machine-proposed; needs human check
Edu_Mt468,1,,29.0,校數,幼,幼稚園,校數,machine-proposed; needs human check
Edu_Mt468,1,,30.0,教員數,稚,幼稚園,教員數,machine-proposed; needs human check
Edu_Mt468,1,,31.0,學生數,園,幼稚園,學生數,machine-proposed; needs human check
Edu_Mt469,1,1.臺北帝國大學(1),2.0,共計,教,教員,共計,machine-proposed; needs human check
Edu_Mt469,1,1.臺北帝國大學(1),3.0,本省人,,教員,本省人,machine-proposed; needs human check
Edu_Mt469,1,1.臺北帝國大學(1),4.0,日本人,,教員,日本人,machine-proposed; needs human check
Edu_Mt469,1,1.臺北帝國大學(1),5.0,其他,員,教員,其他,machine-proposed; needs human check
Edu_Mt469,1,1.臺北帝國大學(1),6.0,共計,總,學生·總計,共計,machine-proposed; needs human check
Edu_Mt469,1,1.臺北帝國大學(1),7.0,本省人,學,學生·總計,本省人,machine-proposed; needs human check
Edu_Mt469,1,1.臺北帝國大學(1),8.0,日本人,,學生·總計,日本人,machine-proposed; needs human check
Edu_Mt469,1,1.臺北帝國大學(1),9.0,其他,計,學生·總計,其他,machine-proposed; needs human check
Edu_Mt469,1,1.臺北帝國大學(1),10.0,共計,文,學生·文政學部,共計,machine-proposed; needs human check
Edu_Mt469,1,1.臺北帝國大學(1),11.0,本省人,政,學生·文政學部,本省人,machine-proposed; needs human check
Edu_Mt469,1,1.臺北帝國大學(1),12.0,日本人,學,學生·文政學部,日本人,machine-proposed; needs human check
Edu_Mt469,1,1.臺北帝國大學(1),13.0,其他,部,學生·文政學部,其他,machine-proposed; needs human check
Edu_Mt469,1,1.臺北帝國大學(1),14.0,共計,理,學生·理學部(2),共計,machine-proposed; needs human check
Edu_Mt469,1,1.臺北帝國大學(1),15.0,本省人,學,學生·理學部(2),本省人,machine-proposed; needs human check
Edu_Mt469,1,1.臺北帝國大學(1),16.0,日本人,部,學生·理學部(2),日本人,machine-proposed; needs human check
Edu_Mt469,1,1.臺北帝國大學(1),17.0,其他,(2),學生·理學部(2),其他,machine-proposed; needs human check
Edu_Mt469,1,1.臺北帝國大學(1),18.0,共計,農,學生·農學部(2),共計,machine-proposed; needs human check
Edu_Mt469,1,1.臺北帝國大學(1),19.0,本省人,學,學生·農學部(2),本省人,machine-proposed; needs human check
Edu_Mt469,1,1.臺北帝國大學(1),20.0,日本人,部,學生·農學部(2),日本人,machine-proposed; needs human check
Edu_Mt469,1,1.臺北帝國大學(1),21.0,其他,(2),學生·農學部(2),其他,machine-proposed; needs human check
Edu_Mt469,1,1.臺北帝國大學(1),22.0,共計,醫,學生·醫學部,共計,machine-proposed; needs human check
Edu_Mt469,1,1.臺北帝國大學(1),23.0,本省人,學,學生·醫學部,本省人,machine-proposed; needs human check
Edu_Mt469,1,1.臺北帝國大學(1),24.0,日本人,,學生·醫學部,日本人,machine-proposed; needs human check
Edu_Mt469,1,1.臺北帝國大學(1),25.0,其他,部,學生·醫學部,其他,machine-proposed; needs human check
Edu_Mt469,1,1.臺北帝國大學(1),26.0,共計,工,學生·工學部,共計,machine-proposed; needs human check
Edu_Mt469,1,1.臺北帝國大學(1),27.0,本省人,學,學生·工學部,本省人,machine-proposed; needs human check
Edu_Mt469,1,1.臺北帝國大學(1),28.0,日本人,生,學生·工學部,日本人,machine-proposed; needs human check
Edu_Mt469,1,1.臺北帝國大學(1),29.0,其他,部,學生·工學部,其他,machine-proposed; needs human check
Edu_Mt469,1,1.臺北帝國大學(1),30.0,總數,年度中學生異動／入,年度中學生異動·入學,總數,machine-proposed; needs human check
Edu_Mt469,1,1.臺北帝國大學(1),31.0,文政學部,,年度中學生異動·入學,文政學部,machine-proposed; needs human check
Edu_Mt469,1,1.臺北帝國大學(1),32.0,理學部,,年度中學生異動·入學,理學部,machine-proposed; needs human check
Edu_Mt469,1,1.臺北帝國大學(1),33.0,農學部,,年度中學生異動·入學,農學部,machine-proposed; needs human check
Edu_Mt469,1,1.臺北帝國大學(1),34.0,醫學部,,年度中學生異動·入學,醫學部,machine-proposed; needs human check
Edu_Mt469,1,1.臺北帝國大學(1),35.0,工學部,學,年度中學生異動·入學,工學部,machine-proposed; needs human check
Edu_Mt469,1,1.臺北帝國大學(1),36.0,總數,畢,年度中學生異動·畢業,總數,machine-proposed; needs human check
Edu_Mt469,1,1.臺北帝國大學(1),37.0,文政學部,,年度中學生異動·畢業,文政學部,machine-proposed; needs human check
Edu_Mt469,1,1.臺北帝國大學(1),38.0,理學部,,年度中學生異動·畢業,理學部,machine-proposed; needs human check
Edu_Mt469,1,1.臺北帝國大學(1),39.0,農學部,,年度中學生異動·畢業,農學部,machine-proposed; needs human check
Edu_Mt469,1,1.臺北帝國大學(1),40.0,醫學部,,年度中學生異動·畢業,醫學部,machine-proposed; needs human check
Edu_Mt469,1,1.臺北帝國大學(1),41.0,工學部,業,年度中學生異動·畢業,工學部,machine-proposed; needs human check
Edu_Mt470,1,1.臺中農林專門學校(1),2.0,共計,教,教員,共計,machine-proposed; needs human check
Edu_Mt470,1,1.臺中農林專門學校(1),3.0,本省人,,教員,本省人,machine-proposed; needs human check
Edu_Mt470,1,1.臺中農林專門學校(1),4.0,日本人,,教員,日本人,machine-proposed; needs human check
Edu_Mt470,1,1.臺中農林專門學校(1),5.0,其他,員,教員,其他,machine-proposed; needs human check
Edu_Mt470,1,1.臺中農林專門學校(1),6.0,共計,學,學生,共計,machine-proposed; needs human check
Edu_Mt470,1,1.臺中農林專門學校(1),7.0,本省人,,學生,本省人,machine-proposed; needs human check
Edu_Mt470,1,1.臺中農林專門學校(1),8.0,日本人,,學生,日本人,machine-proposed; needs human check
Edu_Mt470,1,1.臺中農林專門學校(1),9.0,其他,生,學生,其他,machine-proposed; needs human check
Edu_Mt470,1,1.臺中農林專門學校(1),10.0,入學,年度中學生異動,年度中學生異動,入學,machine-proposed; needs human check
Edu_Mt470,1,1.臺中農林專門學校(1),11.0,畢業,,年度中學生異動,畢業,machine-proposed; needs human check
Edu_Mt470,2,2.臺南工業專門學校(1),2.0,共計,教,教員,共計,machine-proposed; needs human check
Edu_Mt470,2,2.臺南工業專門學校(1),3.0,本省人,,教員,本省人,machine-proposed; needs human check
Edu_Mt470,2,2.臺南工業專門學校(1),4.0,日本人,,教員,日本人,machine-proposed; needs human check
Edu_Mt470,2,2.臺南工業專門學校(1),5.0,其他,員,教員,其他,machine-proposed; needs human check
Edu_Mt470,2,2.臺南工業專門學校(1),6.0,共計,學,學生,共計,machine-proposed; needs human check
Edu_Mt470,2,2.臺南工業專門學校(1),7.0,本省人,,學生,本省人,machine-proposed; needs human check
Edu_Mt470,2,2.臺南工業專門學校(1),8.0,日本人,,學生,日本人,machine-proposed; needs human check
Edu_Mt470,2,2.臺南工業專門學校(1),9.0,其他,生,學生,其他,machine-proposed; needs human check
Edu_Mt470,2,2.臺南工業專門學校(1),10.0,入學,年度中學生異動,年度中學生異動,入學,machine-proposed; needs human check
Edu_Mt470,2,2.臺南工業專門學校(1),11.0,畢業,,年度中學生異動,畢業,machine-proposed; needs human check
Edu_Mt470,3,3.臺北經濟專門學校(1),2.0,,校數(2),校數(2),,machine-proposed; needs human check
Edu_Mt470,3,3.臺北經濟專門學校(1),3.0,共計,教,教員,共計,machine-proposed; needs human check
Edu_Mt470,3,3.臺北經濟專門學校(1),4.0,本省人,,教員,本省人,machine-proposed; needs human check
Edu_Mt470,3,3.臺北經濟專門學校(1),5.0,日本人,,教員,日本人,machine-proposed; needs human check
Edu_Mt470,3,3.臺北經濟專門學校(1),6.0,其他,員,教員,其他,machine-proposed; needs human check
Edu_Mt470,3,3.臺北經濟專門學校(1),7.0,共計,學,學生,共計,machine-proposed; needs human check
Edu_Mt470,3,3.臺北經濟專門學校(1),8.0,本省人,,學生,本省人,machine-proposed; needs human check
Edu_Mt470,3,3.臺北經濟專門學校(1),9.0,日本人,,學生,日本人,machine-proposed; needs human check
Edu_Mt470,3,3.臺北經濟專門學校(1),10.0,其他,生,學生,其他,machine-proposed; needs human check
Edu_Mt470,3,3.臺北經濟專門學校(1),11.0,入學,年度中學生異動,年度中學生異動,入學,machine-proposed; needs human check
Edu_Mt470,3,3.臺北經濟專門學校(1),12.0,畢業,,年度中學生異動,畢業,machine-proposed; needs human check
Edu_Mt470,4,4.臺北帝國大學附屬醫學專門部(1),2.0,共計,教,教員,共計,machine-proposed; needs human check
Edu_Mt470,4,4.臺北帝國大學附屬醫學專門部(1),3.0,本省人,,教員,本省人,machine-proposed; needs human check
Edu_Mt470,4,4.臺北帝國大學附屬醫學專門部(1),4.0,日本人,,教員,日本人,machine-proposed; needs human check
Edu_Mt470,4,4.臺北帝國大學附屬醫學專門部(1),5.0,其他,員,教員,其他,machine-proposed; needs human check
Edu_Mt470,4,4.臺北帝國大學附屬醫學專門部(1),6.0,共計,學,學生,共計,machine-proposed; needs human check
Edu_Mt470,4,4.臺北帝國大學附屬醫學專門部(1),7.0,本省人,,學生,本省人,machine-proposed; needs human check
Edu_Mt470,4,4.臺北帝國大學附屬醫學專門部(1),8.0,日本人,,學生,日本人,machine-proposed; needs human check
Edu_Mt470,4,4.臺北帝國大學附屬醫學專門部(1),9.0,其他,生,學生,其他,machine-proposed; needs human check
Edu_Mt470,4,4.臺北帝國大學附屬醫學專門部(1),10.0,入學,年度中學生異動,年度中學生異動,入學,machine-proposed; needs human check
Edu_Mt470,4,4.臺北帝國大學附屬醫學專門部(1),11.0,畢業,,年度中學生異動,畢業,machine-proposed; needs human check
Edu_Mt471,1,1.師範學校(1),2.0,,校數,校數,,machine-proposed; needs human check
Edu_Mt471,1,1.師範學校(1),3.0,共計,教,教員,共計,machine-proposed; needs human check
Edu_Mt471,1,1.師範學校(1),4.0,本省人,,教員,本省人,machine-proposed; needs human check
Edu_Mt471,1,1.師範學校(1),5.0,日本人,,教員,日本人,machine-proposed; needs human check
Edu_Mt471,1,1.師範學校(1),6.0,其他,員,教員,其他,machine-proposed; needs human check
Edu_Mt471,1,1.師範學校(1),7.0,共計,學,學生,共計,machine-proposed; needs human check
Edu_Mt471,1,1.師範學校(1),8.0,本省人,,學生,本省人,machine-proposed; needs human check
Edu_Mt471,1,1.師範學校(1),9.0,日本人,,學生,日本人,machine-proposed; needs human check
Edu_Mt471,1,1.師範學校(1),10.0,其他,生,學生,其他,machine-proposed; needs human check
Edu_Mt471,1,1.師範學校(1),11.0,入學,年度中學生異動,年度中學生異動,入學,machine-proposed; needs human check
Edu_Mt471,1,1.師範學校(1),12.0,畢業,,年度中學生異動,畢業,machine-proposed; needs human check
Edu_Mt472,1,1.臺北高等學校(1),2.0,共計,教,教員,共計,machine-proposed; needs human check
Edu_Mt472,1,1.臺北高等學校(1),3.0,本省人,,教員,本省人,machine-proposed; needs human check
Edu_Mt472,1,1.臺北高等學校(1),4.0,日本人,,教員,日本人,machine-proposed; needs human check
Edu_Mt472,1,1.臺北高等學校(1),5.0,其他,員,教員,其他,machine-proposed; needs human check
Edu_Mt472,1,1.臺北高等學校(1),6.0,共計,尋,學生·尋常科,共計,machine-proposed; needs human check
Edu_Mt472,1,1.臺北高等學校(1),7.0,本省人,常,學生·尋常科,本省人,machine-proposed; needs human check
Edu_Mt472,1,1.臺北高等學校(1),8.0,日本人,學／科,學生·尋常科,日本人,machine-proposed; needs human check
Edu_Mt472,1,1.臺北高等學校(1),9.0,其他,,學生·尋常科,其他,machine-proposed; needs human check
Edu_Mt472,1,1.臺北高等學校(1),10.0,共計,高,學生·高等科,共計,machine-proposed; needs human check
Edu_Mt472,1,1.臺北高等學校(1),11.0,本省人,生／等,學生·高等科,本省人,machine-proposed; needs human check
Edu_Mt472,1,1.臺北高等學校(1),12.0,日本人,科,學生·高等科,日本人,machine-proposed; needs human check
Edu_Mt472,1,1.臺北高等學校(1),13.0,其他,,學生·高等科,其他,machine-proposed; needs human check
Edu_Mt472,1,1.臺北高等學校(1),14.0,尋常科,年度中學生異動／入,年度中學生異動·入學,尋常科,machine-proposed; needs human check
Edu_Mt472,1,1.臺北高等學校(1),15.0,高等科,學,年度中學生異動·入學,高等科,machine-proposed; needs human check
Edu_Mt472,1,1.臺北高等學校(1),16.0,尋常科,畢,年度中學生異動·畢業,尋常科,machine-proposed; needs human check
Edu_Mt472,1,1.臺北高等學校(1),17.0,高等科,業,年度中學生異動·畢業,高等科,machine-proposed; needs human check
Edu_Mt472,2,2.臺北帝國大學預科(1),2.0,共計,教,教員,共計,machine-proposed; needs human check
Edu_Mt472,2,2.臺北帝國大學預科(1),3.0,本省人,,教員,本省人,machine-proposed; needs human check
Edu_Mt472,2,2.臺北帝國大學預科(1),4.0,日本人,,教員,日本人,machine-proposed; needs human check
Edu_Mt472,2,2.臺北帝國大學預科(1),5.0,其他,員,教員,其他,machine-proposed; needs human check
Edu_Mt472,2,2.臺北帝國大學預科(1),6.0,共計,學,學生,共計,machine-proposed; needs human check
Edu_Mt472,2,2.臺北帝國大學預科(1),7.0,本省人,,學生,本省人,machine-proposed; needs human check
Edu_Mt472,2,2.臺北帝國大學預科(1),8.0,日本人,,學生,日本人,machine-proposed; needs human check
Edu_Mt472,2,2.臺北帝國大學預科(1),9.0,其他,生,學生,其他,machine-proposed; needs human check
Edu_Mt472,2,2.臺北帝國大學預科(1),10.0,入學,年度中學生異動,年度中學生異動,入學,machine-proposed; needs human check
Edu_Mt472,2,2.臺北帝國大學預科(1),11.0,畢業,,年度中學生異動,畢業,machine-proposed; needs human check
Edu_Mt472,3,3.中學校(1),2.0,,校數,校數,,machine-proposed; needs human check
Edu_Mt472,3,3.中學校(1),3.0,共計,教,教員,共計,machine-proposed; needs human check
Edu_Mt472,3,3.中學校(1),4.0,本省人,,教員,本省人,machine-proposed; needs human check
Edu_Mt472,3,3.中學校(1),5.0,日本人,,教員,日本人,machine-proposed; needs human check
Edu_Mt472,3,3.中學校(1),6.0,其他,員,教員,其他,machine-proposed; needs human check
Edu_Mt472,3,3.中學校(1),7.0,共計,學,學生,共計,machine-proposed; needs human check
Edu_Mt472,3,3.中學校(1),8.0,本省人,,學生,本省人,machine-proposed; needs human check
Edu_Mt472,3,3.中學校(1),9.0,日本人,,學生,日本人,machine-proposed; needs human check
Edu_Mt472,3,3.中學校(1),10.0,其他,生,學生,其他,machine-proposed; needs human check
Edu_Mt472,3,3.中學校(1),11.0,入學,年度中學生異動,年度中學生異動,入學,machine-proposed; needs human check
Edu_Mt472,3,3.中學校(1),12.0,畢業,,年度中學生異動,畢業,machine-proposed; needs human check
Edu_Mt472,4,4.高等女學校(1),2.0,,校數,校數,,machine-proposed; needs human check
Edu_Mt472,4,4.高等女學校(1),3.0,共計,教,教員,共計,machine-proposed; needs human check
Edu_Mt472,4,4.高等女學校(1),4.0,本省人,,教員,本省人,machine-proposed; needs human check
Edu_Mt472,4,4.高等女學校(1),5.0,日本人,,教員,日本人,machine-proposed; needs human check
Edu_Mt472,4,4.高等女學校(1),6.0,其他,員,教員,其他,machine-proposed; needs human check
Edu_Mt472,4,4.高等女學校(1),7.0,共計,學,學生,共計,machine-proposed; needs human check
Edu_Mt472,4,4.高等女學校(1),8.0,本省人,,學生,本省人,machine-proposed; needs human check
Edu_Mt472,4,4.高等女學校(1),9.0,日本人,,學生,日本人,machine-proposed; needs human check
Edu_Mt472,4,4.高等女學校(1),10.0,其他,生,學生,其他,machine-proposed; needs human check
Edu_Mt472,4,4.高等女學校(1),11.0,入學,年度中學生異動,年度中學生異動,入學,machine-proposed; needs human check
Edu_Mt472,4,4.高等女學校(1),12.0,畢業,,年度中學生異動,畢業,machine-proposed; needs human check
Edu_Mt473,1,1.農林學校(1)(2),2.0,,校數,校數,,machine-proposed; needs human check
Edu_Mt473,1,1.農林學校(1)(2),3.0,共計,教,教員,共計,machine-proposed; needs human check
Edu_Mt473,1,1.農林學校(1)(2),4.0,本省人,,教員,本省人,machine-proposed; needs human check
Edu_Mt473,1,1.農林學校(1)(2),5.0,日本人,,教員,日本人,machine-proposed; needs human check
Edu_Mt473,1,1.農林學校(1)(2),6.0,其他,員,教員,其他,machine-proposed; needs human check
Edu_Mt473,1,1.農林學校(1)(2),7.0,共計,學,學生,共計,machine-proposed; needs human check
Edu_Mt473,1,1.農林學校(1)(2),8.0,本省人,,學生,本省人,machine-proposed; needs human check
Edu_Mt473,1,1.農林學校(1)(2),9.0,日本人,,學生,日本人,machine-proposed; needs human check
Edu_Mt473,1,1.農林學校(1)(2),10.0,其他,生,學生,其他,machine-proposed; needs human check
Edu_Mt473,1,1.農林學校(1)(2),11.0,入學,年度中學生異動,年度中學生異動,入學,machine-proposed; needs human check
Edu_Mt473,1,1.農林學校(1)(2),12.0,畢業,,年度中學生異動,畢業,machine-proposed; needs human check
Edu_Mt473,2,2.工業學校(1),2.0,,校數,校數,,machine-proposed; needs human check
Edu_Mt473,2,2.工業學校(1),3.0,共計,教,教員,共計,machine-proposed; needs human check
Edu_Mt473,2,2.工業學校(1),4.0,本省人,,教員,本省人,machine-proposed; needs human check
Edu_Mt473,2,2.工業學校(1),5.0,日本人,,教員,日本人,machine-proposed; needs human check
Edu_Mt473,2,2.工業學校(1),6.0,其他,員,教員,其他,machine-proposed; needs human check
Edu_Mt473,2,2.工業學校(1),7.0,共計,學,學生,共計,machine-proposed; needs human check
Edu_Mt473,2,2.工業學校(1),8.0,本省人,,學生,本省人,machine-proposed; needs human check
Edu_Mt473,2,2.工業學校(1),9.0,日本人,,學生,日本人,machine-proposed; needs human check
Edu_Mt473,2,2.工業學校(1),10.0,其他,生,學生,其他,machine-proposed; needs human check
Edu_Mt473,2,2.工業學校(1),11.0,入學,年度中學生異動,年度中學生異動,入學,machine-proposed; needs human check
Edu_Mt473,2,2.工業學校(1),12.0,畢業,,年度中學生異動,畢業,machine-proposed; needs human check
Edu_Mt473,3,3.商業學校,2.0,,校數,校數,,machine-proposed; needs human check
Edu_Mt473,3,3.商業學校,3.0,共計,教,教員,共計,machine-proposed; needs human check
Edu_Mt473,3,3.商業學校,4.0,本省人,,教員,本省人,machine-proposed; needs human check
Edu_Mt473,3,3.商業學校,5.0,日本人,,教員,日本人,machine-proposed; needs human check
Edu_Mt473,3,3.商業學校,6.0,其他,員,教員,其他,machine-proposed; needs human check
Edu_Mt473,3,3.商業學校,7.0,共計,學,學生,共計,machine-proposed; needs human check
Edu_Mt473,3,3.商業學校,8.0,本省人,,學生,本省人,machine-proposed; needs human check
Edu_Mt473,3,3.商業學校,9.0,日本人,,學生,日本人,machine-proposed; needs human check
Edu_Mt473,3,3.商業學校,10.0,其他,生,學生,其他,machine-proposed; needs human check
Edu_Mt473,3,3.商業學校,11.0,入學,年度中學生異動,年度中學生異動,入學,machine-proposed; needs human check
Edu_Mt473,3,3.商業學校,12.0,畢業,,年度中學生異動,畢業,machine-proposed; needs human check
Edu_Mt473,4,4.水產學校,2.0,,校數,校數,,machine-proposed; needs human check
Edu_Mt473,4,4.水產學校,3.0,共計,教,教員,共計,machine-proposed; needs human check
Edu_Mt473,4,4.水產學校,4.0,本省人,,教員,本省人,machine-proposed; needs human check
Edu_Mt473,4,4.水產學校,5.0,日本人,,教員,日本人,machine-proposed; needs human check
Edu_Mt473,4,4.水產學校,6.0,其他,員,教員,其他,machine-proposed; needs human check
Edu_Mt473,4,4.水產學校,7.0,共計,學,學生,共計,machine-proposed; needs human check
Edu_Mt473,4,4.水產學校,8.0,本省人,,學生,本省人,machine-proposed; needs human check
Edu_Mt473,4,4.水產學校,9.0,日本人,,學生,日本人,machine-proposed; needs human check
Edu_Mt473,4,4.水產學校,10.0,其他,生,學生,其他,machine-proposed; needs human check
Edu_Mt473,4,4.水產學校,11.0,入學,年度中學生異動,年度中學生異動,入學,machine-proposed; needs human check
Edu_Mt473,4,4.水產學校,12.0,畢業,,年度中學生異動,畢業,machine-proposed; needs human check
Edu_Mt473,5,5.實業補習學校(1),2.0,,校數,校數,,machine-proposed; needs human check
Edu_Mt473,5,5.實業補習學校(1),3.0,共計,教,教員,共計,machine-proposed; needs human check
Edu_Mt473,5,5.實業補習學校(1),4.0,本省人,,教員,本省人,machine-proposed; needs human check
Edu_Mt473,5,5.實業補習學校(1),5.0,日本人,,教員,日本人,machine-proposed; needs human check
Edu_Mt473,5,5.實業補習學校(1),6.0,其他,員,教員,其他,machine-proposed; needs human check
Edu_Mt473,5,5.實業補習學校(1),7.0,共計,學,學生,共計,machine-proposed; needs human check
Edu_Mt473,5,5.實業補習學校(1),8.0,本省人,,學生,本省人,machine-proposed; needs human check
Edu_Mt473,5,5.實業補習學校(1),9.0,日本人,,學生,日本人,machine-proposed; needs human check
Edu_Mt473,5,5.實業補習學校(1),10.0,其他,生,學生,其他,machine-proposed; needs human check
Edu_Mt473,5,5.實業補習學校(1),11.0,入學,年度中學生異動,年度中學生異動,入學,machine-proposed; needs human check
Edu_Mt473,5,5.實業補習學校(1),12.0,畢業,,年度中學生異動,畢業,machine-proposed; needs human check
Edu_Mt474,1,1.課程第一號表,2.0,,校數,校數,,machine-proposed; needs human check
Edu_Mt474,1,1.課程第一號表,3.0,共計,總,教員·總計,共計,machine-proposed; needs human check
Edu_Mt474,1,1.課程第一號表,4.0,本省人,,教員·總計,本省人,machine-proposed; needs human check
Edu_Mt474,1,1.課程第一號表,5.0,日本人,教,教員·總計,日本人,machine-proposed; needs human check
Edu_Mt474,1,1.課程第一號表,6.0,其他,計,教員·總計,其他,machine-proposed; needs human check
Edu_Mt474,1,1.課程第一號表,7.0,共計,,教員·男,共計,machine-proposed; needs human check
Edu_Mt474,1,1.課程第一號表,8.0,本省人,男,教員·男,本省人,machine-proposed; needs human check
Edu_Mt474,1,1.課程第一號表,9.0,日本人,,教員·男,日本人,machine-proposed; needs human check
Edu_Mt474,1,1.課程第一號表,10.0,其他,,教員·男,其他,machine-proposed; needs human check
Edu_Mt474,1,1.課程第一號表,11.0,共計,,教員·女,共計,machine-proposed; needs human check
Edu_Mt474,1,1.課程第一號表,12.0,本省人,員／女,教員·女,本省人,machine-proposed; needs human check
Edu_Mt474,1,1.課程第一號表,13.0,日本人,,教員·女,日本人,machine-proposed; needs human check
Edu_Mt474,1,1.課程第一號表,14.0,其他,,教員·女,其他,machine-proposed; needs human check
Edu_Mt474,1,1.課程第一號表,15.0,共計,總,學生·總計,共計,machine-proposed; needs human check
Edu_Mt474,1,1.課程第一號表,16.0,本省人,,學生·總計,本省人,machine-proposed; needs human check
Edu_Mt474,1,1.課程第一號表,17.0,日本人,學,學生·總計,日本人,machine-proposed; needs human check
Edu_Mt474,1,1.課程第一號表,18.0,其他,計,學生·總計,其他,machine-proposed; needs human check
Edu_Mt474,1,1.課程第一號表,19.0,共計,,學生·男,共計,machine-proposed; needs human check
Edu_Mt474,1,1.課程第一號表,20.0,本省人,男,學生·男,本省人,machine-proposed; needs human check
Edu_Mt474,1,1.課程第一號表,21.0,日本人,,學生·男,日本人,machine-proposed; needs human check
Edu_Mt474,1,1.課程第一號表,22.0,其他,,學生·男,其他,machine-proposed; needs human check
Edu_Mt474,1,1.課程第一號表,23.0,共計,,學生·女,共計,machine-proposed; needs human check
Edu_Mt474,1,1.課程第一號表,24.0,本省人,生／女,學生·女,本省人,machine-proposed; needs human check
Edu_Mt474,1,1.課程第一號表,25.0,日本人,,學生·女,日本人,machine-proposed; needs human check
Edu_Mt474,1,1.課程第一號表,26.0,其他,,學生·女,其他,machine-proposed; needs human check
Edu_Mt474,1,1.課程第一號表,27.0,共計,年度中學生異動／入,年度中學生異動·入學,共計,machine-proposed; needs human check
Edu_Mt474,1,1.課程第一號表,28.0,男,,年度中學生異動·入學,男,machine-proposed; needs human check
Edu_Mt474,1,1.課程第一號表,29.0,女,學,年度中學生異動·入學,女,machine-proposed; needs human check
Edu_Mt474,1,1.課程第一號表,30.0,共計,畢,年度中學生異動·畢業,共計,machine-proposed; needs human check
Edu_Mt474,1,1.課程第一號表,31.0,男,,年度中學生異動·畢業,男,machine-proposed; needs human check
Edu_Mt474,1,1.課程第一號表,32.0,女,業,年度中學生異動·畢業,女,machine-proposed; needs human check
Edu_Mt474,2,2.課程第二及第三號表,2.0,,校數,校數,,machine-proposed; needs human check
Edu_Mt474,2,2.課程第二及第三號表,3.0,共計,總,教員·總計,共計,machine-proposed; needs human check
Edu_Mt474,2,2.課程第二及第三號表,4.0,本省人,,教員·總計,本省人,machine-proposed; needs human check
Edu_Mt474,2,2.課程第二及第三號表,5.0,日本人,教,教員·總計,日本人,machine-proposed; needs human check
Edu_Mt474,2,2.課程第二及第三號表,6.0,其他,計,教員·總計,其他,machine-proposed; needs human check
Edu_Mt474,2,2.課程第二及第三號表,7.0,共計,,教員·男,共計,machine-proposed; needs human check
Edu_Mt474,2,2.課程第二及第三號表,8.0,本省人,男,教員·男,本省人,machine-proposed; needs human check
Edu_Mt474,2,2.課程第二及第三號表,9.0,日本人,,教員·男,日本人,machine-proposed; needs human check
Edu_Mt474,2,2.課程第二及第三號表,10.0,其他,,教員·男,其他,machine-proposed; needs human check
Edu_Mt474,2,2.課程第二及第三號表,11.0,共計,,教員·女,共計,machine-proposed; needs human check
Edu_Mt474,2,2.課程第二及第三號表,12.0,本省人,員／女,教員·女,本省人,machine-proposed; needs human check
Edu_Mt474,2,2.課程第二及第三號表,13.0,日本人,,教員·女,日本人,machine-proposed; needs human check
Edu_Mt474,2,2.課程第二及第三號表,14.0,其他,,教員·女,其他,machine-proposed; needs human check
Edu_Mt474,2,2.課程第二及第三號表,15.0,共計,總,學生·總計,共計,machine-proposed; needs human check
Edu_Mt474,2,2.課程第二及第三號表,16.0,本省人,,學生·總計,本省人,machine-proposed; needs human check
Edu_Mt474,2,2.課程第二及第三號表,17.0,日本人,學,學生·總計,日本人,machine-proposed; needs human check
Edu_Mt474,2,2.課程第二及第三號表,18.0,其他,計,學生·總計,其他,machine-proposed; needs human check
Edu_Mt474,2,2.課程第二及第三號表,19.0,共計,,學生·男,共計,machine-proposed; needs human check
Edu_Mt474,2,2.課程第二及第三號表,20.0,本省人,男,學生·男,本省人,machine-proposed; needs human check
Edu_Mt474,2,2.課程第二及第三號表,21.0,日本人,,學生·男,日本人,machine-proposed; needs human check
Edu_Mt474,2,2.課程第二及第三號表,22.0,其他,,學生·男,其他,machine-proposed; needs human check
Edu_Mt474,2,2.課程第二及第三號表,23.0,共計,,學生·女,共計,machine-proposed; needs human check
Edu_Mt474,2,2.課程第二及第三號表,24.0,本省人,生／女,學生·女,本省人,machine-proposed; needs human check
Edu_Mt474,2,2.課程第二及第三號表,25.0,日本人,,學生·女,日本人,machine-proposed; needs human check
Edu_Mt474,2,2.課程第二及第三號表,26.0,其他,,學生·女,其他,machine-proposed; needs human check
Edu_Mt474,2,2.課程第二及第三號表,27.0,共計,年度中學生異動／入,年度中學生異動·入學,共計,machine-proposed; needs human check
Edu_Mt474,2,2.課程第二及第三號表,28.0,男,,年度中學生異動·入學,男,machine-proposed; needs human check
Edu_Mt474,2,2.課程第二及第三號表,29.0,女,學,年度中學生異動·入學,女,machine-proposed; needs human check
Edu_Mt474,2,2.課程第二及第三號表,30.0,共計,畢,年度中學生異動·畢業,共計,machine-proposed; needs human check
Edu_Mt474,2,2.課程第二及第三號表,31.0,男,,年度中學生異動·畢業,男,machine-proposed; needs human check
Edu_Mt474,2,2.課程第二及第三號表,32.0,女,業,年度中學生異動·畢業,女,machine-proposed; needs human check
Edu_Mt475,1,,2.0,,校數,校數,,machine-proposed; needs human check
Edu_Mt475,1,,3.0,共計,教,教員,共計,machine-proposed; needs human check
Edu_Mt475,1,,4.0,本省人,,教員,本省人,machine-proposed; needs human check
Edu_Mt475,1,,5.0,日本人,,教員,日本人,machine-proposed; needs human check
Edu_Mt475,1,,6.0,其他,員,教員,其他,machine-proposed; needs human check
Edu_Mt475,1,,7.0,共計,學,學生,共計,machine-proposed; needs human check
Edu_Mt475,1,,8.0,本省人,,學生,本省人,machine-proposed; needs human check
Edu_Mt475,1,,9.0,日本人,,學生,日本人,machine-proposed; needs human check
Edu_Mt475,1,,10.0,其他,生,學生,其他,machine-proposed; needs human check
Edu_Mt475,1,,11.0,入學,年度中學生異動,年度中學生異動,入學,machine-proposed; needs human check
Edu_Mt475,1,,12.0,畢業,,年度中學生異動,畢業,machine-proposed; needs human check
Edu_Mt476,1,,2.0,,校數,校數,,machine-proposed; needs human check
Edu_Mt476,1,,3.0,共計,教,教員,共計,machine-proposed; needs human check
Edu_Mt476,1,,4.0,本省人,,教員,本省人,machine-proposed; needs human check
Edu_Mt476,1,,5.0,日本人,,教員,日本人,machine-proposed; needs human check
Edu_Mt476,1,,6.0,其他,員,教員,其他,machine-proposed; needs human check
Edu_Mt476,1,,7.0,共計,學,學生,共計,machine-proposed; needs human check
Edu_Mt476,1,,8.0,本省人,,學生,本省人,machine-proposed; needs human check
Edu_Mt476,1,,9.0,日本人,,學生,日本人,machine-proposed; needs human check
Edu_Mt476,1,,10.0,其他,生,學生,其他,machine-proposed; needs human check
Edu_Mt476,1,,11.0,入學,年度中學生異動,年度中學生異動,入學,machine-proposed; needs human check
Edu_Mt476,1,,12.0,畢業,,年度中學生異動,畢業,machine-proposed; needs human check
Edu_Mt477,1,,2.0,,私塾數,私塾數,,machine-proposed; needs human check
Edu_Mt477,1,,3.0,,教員,教員,,machine-proposed; needs human check
Edu_Mt477,1,,4.0,共計,學,學生,共計,machine-proposed; needs human check
Edu_Mt477,1,,5.0,男,,學生,男,machine-proposed; needs human check
Edu_Mt477,1,,6.0,女,生,學生,女,machine-proposed; needs human check
Edu_Mt478,1,,2.0,,幼稚園數,幼稚園數,,machine-proposed; needs human check
Edu_Mt478,1,,3.0,共計,保,保姆,共計,machine-proposed; needs human check
Edu_Mt478,1,,4.0,本省人,,保姆,本省人,machine-proposed; needs human check
Edu_Mt478,1,,5.0,日本人,,保姆,日本人,machine-proposed; needs human check
Edu_Mt478,1,,6.0,其他,姆,保姆,其他,machine-proposed; needs human check
Edu_Mt478,1,,7.0,共計,總,園兒·總計,共計,machine-proposed; needs human check
Edu_Mt478,1,,8.0,本省人,,園兒·總計,本省人,machine-proposed; needs human check
Edu_Mt478,1,,9.0,日本人,園,園兒·總計,日本人,machine-proposed; needs human check
Edu_Mt478,1,,10.0,其他,計,園兒·總計,其他,machine-proposed; needs human check
Edu_Mt478,1,,11.0,共計,,園兒·男,共計,machine-proposed; needs human check
Edu_Mt478,1,,12.0,本省人,男,園兒·男,本省人,machine-proposed; needs human check
Edu_Mt478,1,,13.0,日本人,,園兒·男,日本人,machine-proposed; needs human check
Edu_Mt478,1,,14.0,其他,,園兒·男,其他,machine-proposed; needs human check
Edu_Mt478,1,,15.0,共計,,園兒·女,共計,machine-proposed; needs human check
Edu_Mt478,1,,16.0,本省人,兒／女,園兒·女,本省人,machine-proposed; needs human check
Edu_Mt478,1,,17.0,日本人,,園兒·女,日本人,machine-proposed; needs human check
Edu_Mt478,1,,18.0,其他,,園兒·女,其他,machine-proposed; needs human check
Edu_Mt478,1,,19.0,共計,年度中保育滿期,年度中保育滿期,共計,machine-proposed; needs human check
Edu_Mt478,1,,20.0,男,,年度中保育滿期,男,machine-proposed; needs human check
Edu_Mt478,1,,21.0,女,,年度中保育滿期,女,machine-proposed; needs human check
Edu_Mt479,1,,2.0,,所數,所數,,machine-proposed; needs human check
Edu_Mt479,1,,3.0,教職員,兼任,兼任教職員,教職員,machine-proposed; needs human check
Edu_Mt479,1,,4.0,共計,學,學生,共計,machine-proposed; needs human check
Edu_Mt479,1,,5.0,男,,學生,男,machine-proposed; needs human check
Edu_Mt479,1,,6.0,女,生,學生,女,machine-proposed; needs human check
Edu_Mt480,1,,2.0,,館數,館數,,machine-proposed; needs human check
Edu_Mt480,1,,3.0,,藏書冊數／共計,藏書冊數,,machine-proposed; needs human check
Edu_Mt480,1,,4.0,,中日文,藏書冊數,,machine-proposed; needs human check
Edu_Mt480,1,,5.0,,外國文,藏書冊數,,machine-proposed; needs human check
Edu_Mt480,1,,6.0,總日數,年／各館開館,年度中,各館開館總日數,machine-proposed; needs human check
Edu_Mt480,1,,7.0,數(1),度／閱覽人,年度中,閱覽人數(1),machine-proposed; needs human check
Edu_Mt480,1,,8.0,均閱覽人數,中／開館一日平,年度中,開館一日平均閱覽人數,machine-proposed; needs human check
Edu_Mt481,1,1.本省人(2),2.0,共計,總計,總計,共計,machine-proposed; needs human check
Edu_Mt481,1,1.本省人(2),3.0,男,,總計,男,machine-proposed; needs human check
Edu_Mt481,1,1.本省人(2),4.0,女,,總計,女,machine-proposed; needs human check
Edu_Mt481,1,1.本省人(2),5.0,共計,就學,就學,共計,machine-proposed; needs human check
Edu_Mt481,1,1.本省人(2),6.0,男,,就學,男,machine-proposed; needs human check
Edu_Mt481,1,1.本省人(2),7.0,女,,就學,女,machine-proposed; needs human check
Edu_Mt481,1,1.本省人(2),8.0,共計,不就學,不就學,共計,machine-proposed; needs human check
Edu_Mt481,1,1.本省人(2),9.0,男,,不就學,男,machine-proposed; needs human check
Edu_Mt481,1,1.本省人(2),10.0,女,,不就學,女,machine-proposed; needs human check
Edu_Mt481,1,1.本省人(2),11.0,平均,學齡兒童每百人中就學中數,學齡兒童每百人中就學中數,平均,machine-proposed; needs human check
Edu_Mt481,1,1.本省人(2),12.0,男,,學齡兒童每百人中就學中數,男,machine-proposed; needs human check
Edu_Mt481,1,1.本省人(2),13.0,女,,學齡兒童每百人中就學中數,女,machine-proposed; needs human check
Edu_Mt481,2,2.日本人,2.0,共計,總計,總計,共計,machine-proposed; needs human check
Edu_Mt481,2,2.日本人,3.0,男,,總計,男,machine-proposed; needs human check
Edu_Mt481,2,2.日本人,4.0,女,,總計,女,machine-proposed; needs human check
Edu_Mt481,2,2.日本人,5.0,共計,就學,就學,共計,machine-proposed; needs human check
Edu_Mt481,2,2.日本人,6.0,男,,就學,男,machine-proposed; needs human check
Edu_Mt481,2,2.日本人,7.0,女,,就學,女,machine-proposed; needs human check
Edu_Mt481,2,2.日本人,8.0,共計,不就學,不就學,共計,machine-proposed; needs human check
Edu_Mt481,2,2.日本人,9.0,男,,不就學,男,machine-proposed; needs human check
Edu_Mt481,2,2.日本人,10.0,女,,不就學,女,machine-proposed; needs human check
Edu_Mt481,2,2.日本人,11.0,平均,學齡兒童每百人中就學中數,學齡兒童每百人中就學中數,平均,machine-proposed; needs human check
Edu_Mt481,2,2.日本人,12.0,男,,學齡兒童每百人中就學中數,男,machine-proposed; needs human check
Edu_Mt481,2,2.日本人,13.0,女,,學齡兒童每百人中就學中數,女,machine-proposed; needs human check
Edu_Mt482,1,,2.0,人數,文政學部／投考,臺北帝國大學·文政學部,投考人數,machine-proposed; needs human check
Edu_Mt482,1,,3.0,人數,表482歷年各種學校學生投考人數及入學人數／入學,臺北帝國大學·文政學部,入學人數,machine-proposed; needs human check
Edu_Mt482,1,,4.0,考百分比,台／入學佔投,臺北帝國大學·文政學部,入學佔投考百分比,machine-proposed; needs human check
Edu_Mt482,1,,5.0,人數,理學部(1)／投考,臺北帝國大學·理學部(1),投考人數,machine-proposed; needs human check
Edu_Mt482,1,,6.0,人數,北／入學,臺北帝國大學·理學部(1),入學人數,machine-proposed; needs human check
Edu_Mt482,1,,7.0,考百分比,入學佔投,臺北帝國大學·理學部(1),入學佔投考百分比,machine-proposed; needs human check
Edu_Mt482,1,,8.0,人數,帝／農學部(1)／投考,臺北帝國大學·農學部(1),投考人數,machine-proposed; needs human check
Edu_Mt482,1,,9.0,人數,入學,臺北帝國大學·農學部(1),入學人數,machine-proposed; needs human check
Edu_Mt482,1,,10.0,考百分比,國／入學佔投,臺北帝國大學·農學部(1),入學佔投考百分比,machine-proposed; needs human check
Edu_Mt482,1,,11.0,人數,醫學部／投考,臺北帝國大學·醫學部,投考人數,machine-proposed; needs human check
Edu_Mt482,1,,12.0,人數,大／入學,臺北帝國大學·醫學部,入學人數,machine-proposed; needs human check
Edu_Mt482,1,,13.0,考百分比,入學佔投,臺北帝國大學·醫學部,入學佔投考百分比,machine-proposed; needs human check
Edu_Mt482,1,,14.0,人數,學／工學部／投考,臺北帝國大學·工學部,投考人數,machine-proposed; needs human check
Edu_Mt482,1,,15.0,人數,入學,臺北帝國大學·工學部,入學人數,machine-proposed; needs human check
Edu_Mt482,1,,16.0,考百分比,入學佔投,臺北帝國大學·工學部,入學佔投考百分比,machine-proposed; needs human check
Edu_Mt482,1,,17.0,人數,臺中農林專門學校／投考,專門學校·臺中農林專門學校,投考人數,machine-proposed; needs human check
Edu_Mt482,1,,18.0,人數,入學,專門學校·臺中農林專門學校,入學人數,machine-proposed; needs human check
Edu_Mt482,1,,19.0,考百分比,專／入學佔投,專門學校·臺中農林專門學校,入學佔投考百分比,machine-proposed; needs human check
Edu_Mt482,1,,20.0,人數,臺南工業專門學校／投考,專門學校·臺南工業專門學校,投考人數,machine-proposed; needs human check
Edu_Mt482,1,,21.0,人數,門／入學,專門學校·臺南工業專門學校,入學人數,machine-proposed; needs human check
Edu_Mt482,1,,22.0,考百分比,入學佔投,專門學校·臺南工業專門學校,入學佔投考百分比,machine-proposed; needs human check
Edu_Mt482,1,,23.0,人數,學／臺北經濟專門學校／投考,專門學校·臺北經濟專門學校,投考人數,machine-proposed; needs human check
Edu_Mt482,1,,24.0,人數,入學,專門學校·臺北經濟專門學校,入學人數,machine-proposed; needs human check
Edu_Mt482,1,,25.0,考百分比,校／入學佔投,專門學校·臺北經濟專門學校,入學佔投考百分比,machine-proposed; needs human check
Edu_Mt482,1,,26.0,人數,大學附屬醫學專門部／投考,專門學校·大學附屬醫學專門部,投考人數,machine-proposed; needs human check
Edu_Mt482,1,,27.0,人數,入學,專門學校·大學附屬醫學專門部,入學人數,machine-proposed; needs human check
Edu_Mt482,1,,28.0,考百分比,入學佔投,專門學校·大學附屬醫學專門部,入學佔投考百分比,machine-proposed; needs human check
Edu_Mt482,1,,29.0,人數,師範學校／普通科(2)／投考,師範學校·普通科(2),投考人數,machine-proposed; needs human check
Edu_Mt482,1,,30.0,人數,入學,師範學校·普通科(2),入學人數,machine-proposed; needs human check
Edu_Mt482,1,,31.0,考百分比,入學佔投,師範學校·普通科(2),入學佔投考百分比,machine-proposed; needs human check
Edu_Mt482,1,,32.0,人數,演習科(2)／投考,師範學校·演習科(2),投考人數,machine-proposed; needs human check
Edu_Mt482,1,,33.0,人數,入學,師範學校·演習科(2),入學人數,machine-proposed; needs human check
Edu_Mt482,1,,34.0,考百分比,入學佔投,師範學校·演習科(2),入學佔投考百分比,machine-proposed; needs human check
Edu_Mt482,1,,35.0,人數,講習科(2)／投考,師範學校·講習科(2),投考人數,machine-proposed; needs human check
Edu_Mt482,1,,36.0,人數,入學,師範學校·講習科(2),入學人數,machine-proposed; needs human check
Edu_Mt482,1,,37.0,考百分比,入學佔投,師範學校·講習科(2),入學佔投考百分比,machine-proposed; needs human check
Edu_Mt482,1,,38.0,人數,臺北高等學校／尋常科(3)／投考,臺北高等學校·尋常科(3),投考人數,machine-proposed; needs human check
Edu_Mt482,1,,39.0,人數,入學,臺北高等學校·尋常科(3),入學人數,machine-proposed; needs human check
Edu_Mt482,1,,40.0,考百分比,入學佔投,臺北高等學校·尋常科(3),入學佔投考百分比,machine-proposed; needs human check
Edu_Mt482,1,,41.0,人數,高等科(3)／投考,臺北高等學校·高等科(3),投考人數,machine-proposed; needs human check
Edu_Mt482,1,,42.0,人數,入學,臺北高等學校·高等科(3),入學人數,machine-proposed; needs human check
Edu_Mt482,1,,43.0,考百分比,入學佔投,臺北高等學校·高等科(3),入學佔投考百分比,machine-proposed; needs human check
Edu_Mt482,1,,44.0,人數,臺北帝國大學預科／文科／投考,臺北帝國大學預科·文科,投考人數,machine-proposed; needs human check
Edu_Mt482,1,,45.0,人數,入學,臺北帝國大學預科·文科,入學人數,machine-proposed; needs human check
Edu_Mt482,1,,46.0,考百分比,入學佔投,臺北帝國大學預科·文科,入學佔投考百分比,machine-proposed; needs human check
Edu_Mt482,1,,47.0,人數,理科／投考,臺北帝國大學預科·理科,投考人數,machine-proposed; needs human check
Edu_Mt482,1,,48.0,人數,入學,臺北帝國大學預科·理科,入學人數,machine-proposed; needs human check
Edu_Mt482,1,,49.0,考百分比,入學佔投,臺北帝國大學預科·理科,入學佔投考百分比,machine-proposed; needs human check
Edu_Mt482,1,,50.0,人數,中學校／投考,中學校,投考人數,machine-proposed; needs human check
Edu_Mt482,1,,51.0,人數,入學,中學校,入學人數,machine-proposed; needs human check
Edu_Mt482,1,,52.0,考百分比,入學佔投,中學校,入學佔投考百分比,machine-proposed; needs human check
Edu_Mt482,1,,53.0,人數(4),高等女學校／投考,高等女學校,投考人數(4),machine-proposed; needs human check
Edu_Mt482,1,,54.0,人數(4),入學,高等女學校,入學人數(4),machine-proposed; needs human check
Edu_Mt482,1,,55.0,考百分比,入學佔投,高等女學校,入學佔投考百分比,machine-proposed; needs human check
Edu_Mt482,1,,56.0,人數,職業學校／農業職業學校／投考,職業學校·農業職業學校,投考人數,machine-proposed; needs human check
Edu_Mt482,1,,57.0,人數,入學,職業學校·農業職業學校,入學人數,machine-proposed; needs human check
Edu_Mt482,1,,58.0,考百分比,入學佔投,職業學校·農業職業學校,入學佔投考百分比,machine-proposed; needs human check
Edu_Mt482,1,,59.0,人數,工業職業學校／投考,職業學校·工業職業學校,投考人數,machine-proposed; needs human check
Edu_Mt482,1,,60.0,人數,入學,職業學校·工業職業學校,入學人數,machine-proposed; needs human check
Edu_Mt482,1,,61.0,考百分比,入學佔投,職業學校·工業職業學校,入學佔投考百分比,machine-proposed; needs human check
Edu_Mt482,1,,62.0,人數,商業職業學校／投考,職業學校·商業職業學校,投考人數,machine-proposed; needs human check
Edu_Mt482,1,,63.0,人數,入學,職業學校·商業職業學校,入學人數,machine-proposed; needs human check
Edu_Mt482,1,,64.0,考百分比,入學佔投,職業學校·商業職業學校,入學佔投考百分比,machine-proposed; needs human check
Edu_Mt482,1,,65.0,人數,水產職業學校／投考,職業學校·水產職業學校,投考人數,machine-proposed; needs human check
Edu_Mt482,1,,66.0,人數,入學,職業學校·水產職業學校,入學人數,machine-proposed; needs human check
Edu_Mt482,1,,67.0,考百分比,入學佔投,職業學校·水產職業學校,入學佔投考百分比,machine-proposed; needs human check
Edu_Mt483,1,1.本省人,2.0,共計,盲者,盲者,共計,machine-proposed; needs human check
Edu_Mt483,1,1.本省人,3.0,男,,盲者,男,machine-proposed; needs human check
Edu_Mt483,1,1.本省人,4.0,女,,盲者,女,machine-proposed; needs human check
Edu_Mt483,1,1.本省人,5.0,共計,聾啞者,聾啞者,共計,machine-proposed; needs human check
Edu_Mt483,1,1.本省人,6.0,男,,聾啞者,男,machine-proposed; needs human check
Edu_Mt483,1,1.本省人,7.0,女,,聾啞者,女,machine-proposed; needs human check
Edu_Mt483,1,1.本省人,8.0,共計,盲聾啞者,盲聾啞者,共計,machine-proposed; needs human check
Edu_Mt483,1,1.本省人,9.0,男,,盲聾啞者,男,machine-proposed; needs human check
Edu_Mt483,1,1.本省人,10.0,女,,盲聾啞者,女,machine-proposed; needs human check
Edu_Mt483,2,2.日本人,2.0,共計,盲者,盲者,共計,machine-proposed; needs human check
Edu_Mt483,2,2.日本人,3.0,男,,盲者,男,machine-proposed; needs human check
Edu_Mt483,2,2.日本人,4.0,女,,盲者,女,machine-proposed; needs human check
Edu_Mt483,2,2.日本人,5.0,共計,聾啞者,聾啞者,共計,machine-proposed; needs human check
Edu_Mt483,2,2.日本人,6.0,男,,聾啞者,男,machine-proposed; needs human check
Edu_Mt483,2,2.日本人,7.0,女,,聾啞者,女,machine-proposed; needs human check
Edu_Mt483,2,2.日本人,8.0,共計,盲聾啞者,盲聾啞者,共計,machine-proposed; needs human check
Edu_Mt483,2,2.日本人,9.0,男,,盲聾啞者,男,machine-proposed; needs human check
Edu_Mt483,2,2.日本人,10.0,女,,盲聾啞者,女,machine-proposed; needs human check
Hygiene_Mt484,1,,2.0,,醫院／共計,醫院,共計,machine-proposed; needs human check
Hygiene_Mt484,1,,3.0,,省立,醫院,省立,machine-proposed; needs human check
Hygiene_Mt484,1,,4.0,,公立(1),醫院,公立(1),machine-proposed; needs human check
Hygiene_Mt484,1,,5.0,,私立,醫院,私立,machine-proposed; needs human check
Hygiene_Mt484,1,,6.0,,衛生人員／共計,衛生人員·共計,共計,machine-proposed; needs human check
Hygiene_Mt484,1,,7.0,小計,醫師,衛生人員·醫師,小計,machine-proposed; needs human check
Hygiene_Mt484,1,,8.0,省立醫院,,衛生人員·醫師,省立醫院,machine-proposed; needs human check
Hygiene_Mt484,1,,9.0,公立醫院,,衛生人員·醫師,公立醫院,machine-proposed; needs human check
Hygiene_Mt484,1,,10.0,政府機關,,衛生人員·醫師,政府機關,machine-proposed; needs human check
Hygiene_Mt484,1,,11.0,開業,,衛生人員·醫師,開業,machine-proposed; needs human check
Hygiene_Mt484,1,,12.0,公醫,,衛生人員·醫師,公醫,machine-proposed; needs human check
Hygiene_Mt484,1,,13.0,,中醫,衛生人員·中醫,,machine-proposed; needs human check
Hygiene_Mt484,1,,14.0,小計,齒科醫師,衛生人員·齒科醫師,小計,machine-proposed; needs human check
Hygiene_Mt484,1,,15.0,省立醫院,,衛生人員·齒科醫師,省立醫院,machine-proposed; needs human check
Hygiene_Mt484,1,,16.0,公立醫院,,衛生人員·齒科醫師,公立醫院,machine-proposed; needs human check
Hygiene_Mt484,1,,17.0,政府機關,,衛生人員·齒科醫師,政府機關,machine-proposed; needs human check
Hygiene_Mt484,1,,18.0,開業,,衛生人員·齒科醫師,開業,machine-proposed; needs human check
Hygiene_Mt484,1,,19.0,小計,藥劑師,衛生人員·藥劑師,小計,machine-proposed; needs human check
Hygiene_Mt484,1,,20.0,省立醫院,,衛生人員·藥劑師,省立醫院,machine-proposed; needs human check
Hygiene_Mt484,1,,21.0,公立醫院,,衛生人員·藥劑師,公立醫院,machine-proposed; needs human check
Hygiene_Mt484,1,,22.0,政府機關,,衛生人員·藥劑師,政府機關,machine-proposed; needs human check
Hygiene_Mt484,1,,23.0,開業,,衛生人員·藥劑師,開業,machine-proposed; needs human check
Hygiene_Mt484,1,,24.0,,助產士(2),衛生人員·助產士(2),,machine-proposed; needs human check
Hygiene_Mt484,1,,25.0,,製藥者,衛生人員·製藥者,,machine-proposed; needs human check
Hygiene_Mt484,1,,26.0,,藥品商,衛生人員·藥品商,,machine-proposed; needs human check
Hygiene_Mt485,1,,2.0,,診療疾病人數／共計,診療疾病人數·共計,,machine-proposed; needs human check
Hygiene_Mt485,1,,3.0,小計,住院,診療疾病人數·住院,小計,machine-proposed; needs human check
Hygiene_Mt485,1,,4.0,治癒,,診療疾病人數·住院,治癒,machine-proposed; needs human check
Hygiene_Mt485,1,,5.0,死亡,,診療疾病人數·住院,死亡,machine-proposed; needs human check
Hygiene_Mt485,1,,6.0,未癒中退,,診療疾病人數·住院,未癒中退,machine-proposed; needs human check
Hygiene_Mt485,1,,7.0,年底遺留,,診療疾病人數·住院,年底遺留,machine-proposed; needs human check
Hygiene_Mt485,1,,8.0,,門診,診療疾病人數·門診,,machine-proposed; needs human check
Hygiene_Mt485,1,,9.0,,治療延人日數(2)／共計,治療延人日數(2),共計,machine-proposed; needs human check
Hygiene_Mt485,1,,10.0,,住院,治療延人日數(2),住院,machine-proposed; needs human check
Hygiene_Mt485,1,,11.0,,門診,治療延人日數(2),門診,machine-proposed; needs human check
Hygiene_Mt486,1,,2.0,共計,診療疾病人數,診療疾病人數,共計,machine-proposed; needs human check
Hygiene_Mt486,1,,3.0,治癒,,診療疾病人數,治癒,machine-proposed; needs human check
Hygiene_Mt486,1,,4.0,死亡,,診療疾病人數,死亡,machine-proposed; needs human check
Hygiene_Mt486,1,,5.0,未癒中退,,診療疾病人數,未癒中退,machine-proposed; needs human check
Hygiene_Mt486,1,,6.0,年底遺留,,診療疾病人數,年底遺留,machine-proposed; needs human check
Hygiene_Mt486,1,,7.0,日數,治療延人,治療延人日數,,machine-proposed; needs human check
Hygiene_Mt487-1,1,1.民國前二年至民國十九年,2.0,總計,,總計,,machine-proposed; needs human check
Hygiene_Mt487-1,1,1.民國前二年至民國十九年,3.0,傳染病,,傳染病,,machine-proposed; needs human check
Hygiene_Mt487-1,1,1.民國前二年至民國十九年,4.0,營養病,1.民國前二年至民國十九年／發育及,發育及營養病,,machine-proposed; needs human check
Hygiene_Mt487-1,1,1.民國前二年至民國十九年,5.0,中毒,,中毒,,machine-proposed; needs human check
Hygiene_Mt487-1,1,1.民國前二年至民國十九年,6.0,感覺器病,神經系及,神經系及感覺器病,,machine-proposed; needs human check
Hygiene_Mt487-1,1,1.民國前二年至民國十九年,7.0,環器病,血液循,血液循環器病,,machine-proposed; needs human check
Hygiene_Mt487-1,1,1.民國前二年至民國十九年,8.0,呼吸器病,,呼吸器病,,machine-proposed; needs human check
Hygiene_Mt487-1,1,1.民國前二年至民國十九年,9.0,消化器病,,消化器病,,machine-proposed; needs human check
Hygiene_Mt487-1,1,1.民國前二年至民國十九年,10.0,生殖器病,泌尿及,泌尿及生殖器病,,machine-proposed; needs human check
Hygiene_Mt487-1,1,1.民國前二年至民國十九年,11.0,筋肉病,皮膚及,皮膚及筋肉病,,machine-proposed; needs human check
Hygiene_Mt487-1,1,1.民國前二年至民國十九年,12.0,節病,骨及關,骨及關節病,,machine-proposed; needs human check
Hygiene_Mt487-1,1,1.民國前二年至民國十九年,13.0,外傷,,外傷,,machine-proposed; needs human check
Hygiene_Mt487-1,1,1.民國前二年至民國十九年,14.0,原因未詳者,診斷不明者,診斷不明者原因未詳者,,machine-proposed; needs human check
Hygiene_Mt487-2,1,2.民國二十年至民國三十一年(2),2.0,,總計,總計,,machine-proposed; needs human check
Hygiene_Mt487-2,1,2.民國二十年至民國三十一年(2),3.0,,傷寒,傷寒,,machine-proposed; needs human check
Hygiene_Mt487-2,1,2.民國二十年至民國三十一年(2),4.0,,2.民國二十年至民國三十一年(2)／副傷寒,副傷寒,,machine-proposed; needs human check
Hygiene_Mt487-2,1,2.民國二十年至民國三十一年(2),5.0,,天花,天花,,machine-proposed; needs human check
Hygiene_Mt487-2,1,2.民國二十年至民國三十一年(2),6.0,,麻疹,麻疹,,machine-proposed; needs human check
Hygiene_Mt487-2,1,2.民國二十年至民國三十一年(2),7.0,,猩紅熱,猩紅熱,,machine-proposed; needs human check
Hygiene_Mt487-2,1,2.民國二十年至民國三十一年(2),8.0,,百日咳,百日咳,,machine-proposed; needs human check
Hygiene_Mt487-2,1,2.民國二十年至民國三十一年(2),9.0,,白喉,白喉,,machine-proposed; needs human check
Hygiene_Mt487-2,1,2.民國二十年至民國三十一年(2),10.0,,流行性／感冒,流行性感冒,,machine-proposed; needs human check
Hygiene_Mt487-2,1,2.民國二十年至民國三十一年(2),11.0,,霍亂,霍亂,,machine-proposed; needs human check
Hygiene_Mt487-2,1,2.民國二十年至民國三十一年(2),12.0,,赤痢,赤痢,,machine-proposed; needs human check
Hygiene_Mt487-2,1,2.民國二十年至民國三十一年(2),13.0,,疫痢,疫痢,,machine-proposed; needs human check
Hygiene_Mt487-2,1,2.民國二十年至民國三十一年(2),14.0,,丹毒,丹毒,,machine-proposed; needs human check
Hygiene_Mt487-2,1,2.民國二十年至民國三十一年(2),15.0,,流行性／或昏睡／性腦炎,流行性或昏睡性腦炎,,machine-proposed; needs human check
Hygiene_Mt487-2,1,2.民國二十年至民國三十一年(2),16.0,,流行性腦／脊髓膜炎,流行性腦脊髓膜炎,,machine-proposed; needs human check
Hygiene_Mt487-2,1,2.民國二十年至民國三十一年(2),17.0,,流行性／耳下腺炎,流行性耳下腺炎,,machine-proposed; needs human check
Hygiene_Mt487-2,1,2.民國二十年至民國三十一年(2),18.0,,黃疸出／血性螺／旋體病,黃疸出血性螺旋體病,,machine-proposed; needs human check
Hygiene_Mt487-2,1,2.民國二十年至民國三十一年(2),19.0,,恙蟲病,恙蟲病,,machine-proposed; needs human check
Hygiene_Mt487-2,1,2.民國二十年至民國三十一年(2),20.0,,恐水病,恐水病,,machine-proposed; needs human check
Hygiene_Mt487-2,1,2.民國二十年至民國三十一年(2),21.0,,破傷風,破傷風,,machine-proposed; needs human check
Hygiene_Mt487-2,1,2.民國二十年至民國三十一年(2),22.0,,肺結核,肺結核,,machine-proposed; needs human check
Hygiene_Mt487-2,1,2.民國二十年至民國三十一年(2),23.0,淋巴腺),其他呼吸／器之結核／(包括氣管／及枝氣管,其他呼吸器之結核(包括氣管及枝氣管淋巴腺),,machine-proposed; needs human check
Hygiene_Mt488,1,1.民國前七年至民國十九年,2.0,,總計,總計,,machine-proposed; needs human check
Hygiene_Mt488,1,1.民國前七年至民國十九年,3.0,,傳染病,傳染病,,machine-proposed; needs human check
Hygiene_Mt488,1,1.民國前七年至民國十九年,4.0,,發育及／營養病,發育及營養病,,machine-proposed; needs human check
Hygiene_Mt488,1,1.民國前七年至民國十九年,5.0,,中毒,中毒,,machine-proposed; needs human check
Hygiene_Mt488,1,1.民國前七年至民國十九年,6.0,,神經系及／感覺器病,神經系及感覺器病,,machine-proposed; needs human check
Hygiene_Mt488,1,1.民國前七年至民國十九年,7.0,,血液循／環器病,血液循環器病,,machine-proposed; needs human check
Hygiene_Mt488,1,1.民國前七年至民國十九年,8.0,,呼吸器病,呼吸器病,,machine-proposed; needs human check
Hygiene_Mt488,1,1.民國前七年至民國十九年,9.0,,消化器病,消化器病,,machine-proposed; needs human check
Hygiene_Mt488,1,1.民國前七年至民國十九年,10.0,,泌尿及生／殖器病,泌尿及生殖器病,,machine-proposed; needs human check
Hygiene_Mt488,1,1.民國前七年至民國十九年,11.0,,皮膚及／筋肉病,皮膚及筋肉病,,machine-proposed; needs human check
Hygiene_Mt488,1,1.民國前七年至民國十九年,12.0,,骨及／關節病,骨及關節病,,machine-proposed; needs human check
Hygiene_Mt488,1,1.民國前七年至民國十九年,13.0,,外傷,外傷,,machine-proposed; needs human check
Hygiene_Mt488,1,1.民國前七年至民國十九年,14.0,詳者,診斷不明／及原因未,診斷不明及原因未詳者,,machine-proposed; needs human check
Hygiene_Mt488,2,2.民國二十年至三十一年(2),2.0,,總計,總計,,machine-proposed; needs human check
Hygiene_Mt488,2,2.民國二十年至三十一年(2),3.0,,傷寒,傷寒,,machine-proposed; needs human check
Hygiene_Mt488,2,2.民國二十年至三十一年(2),4.0,,副傷寒,副傷寒,,machine-proposed; needs human check
Hygiene_Mt488,2,2.民國二十年至三十一年(2),5.0,,天花,天花,,machine-proposed; needs human check
Hygiene_Mt488,2,2.民國二十年至三十一年(2),6.0,,麻疹,麻疹,,machine-proposed; needs human check
Hygiene_Mt488,2,2.民國二十年至三十一年(2),7.0,,猩紅熱,猩紅熱,,machine-proposed; needs human check
Hygiene_Mt488,2,2.民國二十年至三十一年(2),8.0,,百日咳,百日咳,,machine-proposed; needs human check
Hygiene_Mt488,2,2.民國二十年至三十一年(2),9.0,,白喉,白喉,,machine-proposed; needs human check
Hygiene_Mt488,2,2.民國二十年至三十一年(2),10.0,,流行性／感冒,流行性感冒,,machine-proposed; needs human check
Hygiene_Mt488,2,2.民國二十年至三十一年(2),11.0,,霍亂,霍亂,,machine-proposed; needs human check
Hygiene_Mt488,2,2.民國二十年至三十一年(2),12.0,,赤痢,赤痢,,machine-proposed; needs human check
Hygiene_Mt488,2,2.民國二十年至三十一年(2),13.0,,疫痢,疫痢,,machine-proposed; needs human check
Hygiene_Mt488,2,2.民國二十年至三十一年(2),14.0,,丹毒,丹毒,,machine-proposed; needs human check
Hygiene_Mt488,2,2.民國二十年至三十一年(2),15.0,性腦炎,流行性／或昏睡,流行性或昏睡性腦炎,,machine-proposed; needs human check
Hygiene_Mt488,2,2.民國二十年至三十一年(2),16.0,,流行性腦／脊髓膜炎,流行性腦脊髓膜炎,,machine-proposed; needs human check
Hygiene_Mt488,2,2.民國二十年至三十一年(2),17.0,,流行性／耳下腺炎,流行性耳下腺炎,,machine-proposed; needs human check
Hygiene_Mt488,2,2.民國二十年至三十一年(2),18.0,旋體病,黃疸出／血性螺,黃疸出血性螺旋體病,,machine-proposed; needs human check
Hygiene_Mt488,2,2.民國二十年至三十一年(2),19.0,,恙蟲病,恙蟲病,,machine-proposed; needs human check
Hygiene_Mt489,1,1.民國前十五年至民國十九年,2.0,,總計(2),總計(2),,machine-proposed; needs human check
Hygiene_Mt489,1,1.民國前十五年至民國十九年,3.0,,傳染病,傳染病,,machine-proposed; needs human check
Hygiene_Mt489,1,1.民國前十五年至民國十九年,4.0,,發育及／營養病,發育及營養病,,machine-proposed; needs human check
Hygiene_Mt489,1,1.民國前十五年至民國十九年,5.0,,中毒,中毒,,machine-proposed; needs human check
Hygiene_Mt489,1,1.民國前十五年至民國十九年,6.0,,神經系及／感覺器病,神經系及感覺器病,,machine-proposed; needs human check
Hygiene_Mt489,1,1.民國前十五年至民國十九年,7.0,,血液循／環器病,血液循環器病,,machine-proposed; needs human check
Hygiene_Mt489,1,1.民國前十五年至民國十九年,8.0,,呼吸器病,呼吸器病,,machine-proposed; needs human check
Hygiene_Mt489,1,1.民國前十五年至民國十九年,9.0,,消化器病,消化器病,,machine-proposed; needs human check
Hygiene_Mt489,1,1.民國前十五年至民國十九年,10.0,,泌尿及生／殖器病,泌尿及生殖器病,,machine-proposed; needs human check
Hygiene_Mt489,1,1.民國前十五年至民國十九年,11.0,,皮膚及／筋肉病,皮膚及筋肉病,,machine-proposed; needs human check
Hygiene_Mt489,1,1.民國前十五年至民國十九年,12.0,,骨及／關節病,骨及關節病,,machine-proposed; needs human check
Hygiene_Mt489,1,1.民國前十五年至民國十九年,13.0,,外傷,外傷,,machine-proposed; needs human check
Hygiene_Mt489,1,1.民國前十五年至民國十九年,14.0,詳者,診斷不明／及原因未,診斷不明及原因未詳者,,machine-proposed; needs human check
Hygiene_Mt489,2,2.民國二十年至二十九年,2.0,,總計,總計,,machine-proposed; needs human check
Hygiene_Mt489,2,2.民國二十年至二十九年,3.0,,傷寒,傷寒,,machine-proposed; needs human check
Hygiene_Mt489,2,2.民國二十年至二十九年,4.0,,副傷寒,副傷寒,,machine-proposed; needs human check
Hygiene_Mt489,2,2.民國二十年至二十九年,5.0,,天花,天花,,machine-proposed; needs human check
Hygiene_Mt489,2,2.民國二十年至二十九年,6.0,,麻疹,麻疹,,machine-proposed; needs human check
Hygiene_Mt489,2,2.民國二十年至二十九年,7.0,,猩紅熱,猩紅熱,,machine-proposed; needs human check
Hygiene_Mt489,2,2.民國二十年至二十九年,8.0,,百日咳,百日咳,,machine-proposed; needs human check
Hygiene_Mt489,2,2.民國二十年至二十九年,9.0,,白喉,白喉,,machine-proposed; needs human check
Hygiene_Mt489,2,2.民國二十年至二十九年,10.0,,流行性／感冒,流行性感冒,,machine-proposed; needs human check
Hygiene_Mt489,2,2.民國二十年至二十九年,11.0,,霍亂,霍亂,,machine-proposed; needs human check
Hygiene_Mt489,2,2.民國二十年至二十九年,12.0,,赤痢,赤痢,,machine-proposed; needs human check
Hygiene_Mt489,2,2.民國二十年至二十九年,13.0,,疫痢,疫痢,,machine-proposed; needs human check
Hygiene_Mt489,2,2.民國二十年至二十九年,14.0,,丹毒,丹毒,,machine-proposed; needs human check
Hygiene_Mt489,2,2.民國二十年至二十九年,15.0,炎,流行性或／昏睡性腦,流行性或昏睡性腦炎,,machine-proposed; needs human check
Hygiene_Mt489,2,2.民國二十年至二十九年,16.0,,流行性腦／脊髓膜炎,流行性腦脊髓膜炎,,machine-proposed; needs human check
Hygiene_Mt489,2,2.民國二十年至二十九年,17.0,,流行性／耳下腺炎,流行性耳下腺炎,,machine-proposed; needs human check
Hygiene_Mt489,2,2.民國二十年至二十九年,18.0,病,黃疸出血／性螺旋體,黃疸出血性螺旋體病,,machine-proposed; needs human check
Hygiene_Mt489,2,2.民國二十年至二十九年,19.0,,恙蟲病,恙蟲病,,machine-proposed; needs human check
Hygiene_Mt489,2,2.民國二十年至二十九年,20.0,,死水病,死水病,,machine-proposed; needs human check
Hygiene_Mt489,2,2.民國二十年至二十九年,21.0,,破傷風,破傷風,,machine-proposed; needs human check
Hygiene_Mt489,2,2.民國二十年至二十九年,22.0,,肺結核,肺結核,,machine-proposed; needs human check
Hygiene_Mt490,1,,2.0,上年遺留,總計／患者,總計,患者·上年遺留,machine-proposed; needs human check
Hygiene_Mt490,1,,3.0,本年新患,,總計,患者·本年新患,machine-proposed; needs human check
Hygiene_Mt490,1,,4.0,,死亡,總計,死亡,machine-proposed; needs human check
Hygiene_Mt490,1,,5.0,上年遺留,鼠疫／患者,鼠疫,患者·上年遺留,machine-proposed; needs human check
Hygiene_Mt490,1,,6.0,本年新患,,鼠疫,患者·本年新患,machine-proposed; needs human check
Hygiene_Mt490,1,,7.0,,死亡,鼠疫,死亡,machine-proposed; needs human check
Hygiene_Mt490,1,,8.0,上年遺留,霍亂／患者,霍亂,患者·上年遺留,machine-proposed; needs human check
Hygiene_Mt490,1,,9.0,本年新患,,霍亂,患者·本年新患,machine-proposed; needs human check
Hygiene_Mt490,1,,10.0,,死亡,霍亂,死亡,machine-proposed; needs human check
Hygiene_Mt490,1,,11.0,上年遺留,赤痢／患者,赤痢,患者·上年遺留,machine-proposed; needs human check
Hygiene_Mt490,1,,12.0,本年新患,,赤痢,患者·本年新患,machine-proposed; needs human check
Hygiene_Mt490,1,,13.0,,死亡,赤痢,死亡,machine-proposed; needs human check
Hygiene_Mt490,1,,14.0,上年遺留,天花／患者,天花,患者·上年遺留,machine-proposed; needs human check
Hygiene_Mt490,1,,15.0,本年新患,,天花,患者·本年新患,machine-proposed; needs human check
Hygiene_Mt490,1,,16.0,,死亡,天花,死亡,machine-proposed; needs human check
Hygiene_Mt490,1,,17.0,上年遺留,傷寒／患者,傷寒,患者·上年遺留,machine-proposed; needs human check
Hygiene_Mt490,1,,18.0,本年新患,,傷寒,患者·本年新患,machine-proposed; needs human check
Hygiene_Mt490,1,,19.0,,死亡,傷寒,死亡,machine-proposed; needs human check
Hygiene_Mt490,1,,20.0,上年遺留,副傷寒(1)／患者,副傷寒(1),患者·上年遺留,machine-proposed; needs human check
Hygiene_Mt490,1,,21.0,本年新患,,副傷寒(1),患者·本年新患,machine-proposed; needs human check
Hygiene_Mt490,1,,22.0,,死亡,副傷寒(1),死亡,machine-proposed; needs human check
Hygiene_Mt490,1,,23.0,上年遺留,斑疹傷寒／患者,斑疹傷寒,患者·上年遺留,machine-proposed; needs human check
Hygiene_Mt490,1,,24.0,本年新患,,斑疹傷寒,患者·本年新患,machine-proposed; needs human check
Hygiene_Mt490,1,,25.0,,死亡,斑疹傷寒,死亡,machine-proposed; needs human check
Hygiene_Mt490,1,,26.0,上年遺留,白喉／患者,白喉,患者·上年遺留,machine-proposed; needs human check
Hygiene_Mt490,1,,27.0,本年新患,,白喉,患者·本年新患,machine-proposed; needs human check
Hygiene_Mt490,1,,28.0,,死亡,白喉,死亡,machine-proposed; needs human check
Hygiene_Mt490,1,,29.0,上年遺留,猩紅熱／患者,猩紅熱,患者·上年遺留,machine-proposed; needs human check
Hygiene_Mt490,1,,30.0,本年新患,,猩紅熱,患者·本年新患,machine-proposed; needs human check
Hygiene_Mt490,1,,31.0,,死亡,猩紅熱,死亡,machine-proposed; needs human check
Hygiene_Mt490,1,,32.0,上年遺留,流行性腦脊髓膜炎(2)／患者,流行性腦脊髓膜炎(2),患者·上年遺留,machine-proposed; needs human check
Hygiene_Mt490,1,,33.0,本年新患,,流行性腦脊髓膜炎(2),患者·本年新患,machine-proposed; needs human check
Hygiene_Mt490,1,,34.0,,死亡,流行性腦脊髓膜炎(2),死亡,machine-proposed; needs human check
Hygiene_Mt490,1,,35.0,上年遺留,流行腦性膜炎(3)／患者,流行腦性膜炎(3),患者·上年遺留,machine-proposed; needs human check
Hygiene_Mt490,1,,36.0,本年新患,,流行腦性膜炎(3),患者·本年新患,machine-proposed; needs human check
Hygiene_Mt490,1,,37.0,,死亡,流行腦性膜炎(3),死亡,machine-proposed; needs human check
Hygiene_Mt491,1,,2.0,平均,,平均,,machine-proposed; needs human check
Hygiene_Mt491,1,,3.0,鼠疫,,鼠疫,,machine-proposed; needs human check
Hygiene_Mt491,1,,4.0,霍亂,,霍亂,,machine-proposed; needs human check
Hygiene_Mt491,1,,5.0,赤痢,,赤痢,,machine-proposed; needs human check
Hygiene_Mt491,1,,6.0,天花,,天花,,machine-proposed; needs human check
Hygiene_Mt491,1,,7.0,傷寒,,傷寒,,machine-proposed; needs human check
Hygiene_Mt491,1,,8.0,副傷寒,,副傷寒,,machine-proposed; needs human check
Hygiene_Mt491,1,,9.0,斑疹傷寒,,斑疹傷寒,,machine-proposed; needs human check
Hygiene_Mt491,1,,10.0,白喉,,白喉,,machine-proposed; needs human check
Hygiene_Mt491,1,,11.0,猩紅熱,,猩紅熱,,machine-proposed; needs human check
Hygiene_Mt491,1,,12.0,脊髓膜炎,流行性腦,流行性腦脊髓膜炎,,machine-proposed; needs human check
Hygiene_Mt491,1,,13.0,流行性腦膜炎,,流行性腦膜炎,,machine-proposed; needs human check
Hygiene_Mt492,1,1.民國前十二年至民國十四年,2.0,艘數,共,船隻·共計,艘數,machine-proposed; needs human check
Hygiene_Mt492,1,1.民國前十二年至民國十四年,3.0,噸數,船／計,船隻·共計,噸數,machine-proposed; needs human check
Hygiene_Mt492,1,1.民國前十二年至民國十四年,4.0,艘數,軍,船隻·軍艦,艘數,machine-proposed; needs human check
Hygiene_Mt492,1,1.民國前十二年至民國十四年,5.0,噸數,艦,船隻·軍艦,噸數,machine-proposed; needs human check
Hygiene_Mt492,1,1.民國前十二年至民國十四年,6.0,艘數,輪,船隻·輪船,艘數,machine-proposed; needs human check
Hygiene_Mt492,1,1.民國前十二年至民國十四年,7.0,噸數,船,船隻·輪船,噸數,machine-proposed; needs human check
Hygiene_Mt492,1,1.民國前十二年至民國十四年,8.0,艘數,帆,船隻·帆船,艘數,machine-proposed; needs human check
Hygiene_Mt492,1,1.民國前十二年至民國十四年,9.0,噸數,船,船隻·帆船,噸數,machine-proposed; needs human check
Hygiene_Mt492,1,1.民國前十二年至民國十四年,10.0,艘數,隻／其,船隻·其他,艘數,machine-proposed; needs human check
Hygiene_Mt492,1,1.民國前十二年至民國十四年,11.0,噸數,他,船隻·其他,噸數,machine-proposed; needs human check
Hygiene_Mt492,1,1.民國前十二年至民國十四年,12.0,,人／共計,人員·共計,,machine-proposed; needs human check
Hygiene_Mt492,1,1.民國前十二年至民國十四年,13.0,,船員,人員·船員,,machine-proposed; needs human check
Hygiene_Mt492,1,1.民國前十二年至民國十四年,14.0,小計,旅,人員·旅客,小計,machine-proposed; needs human check
Hygiene_Mt492,1,1.民國前十二年至民國十四年,15.0,男,,人員·旅客,男,machine-proposed; needs human check
Hygiene_Mt492,1,1.民國前十二年至民國十四年,16.0,女,員／客,人員·旅客,女,machine-proposed; needs human check
Hygiene_Mt492,2,2.民國十五年至二十九年(1),2.0,,總計,總計,,machine-proposed; needs human check
Hygiene_Mt492,2,2.民國十五年至二十九年(1),3.0,,船員,船員,,machine-proposed; needs human check
Hygiene_Mt492,2,2.民國十五年至二十九年(1),4.0,共計,旅,旅客,共計,machine-proposed; needs human check
Hygiene_Mt492,2,2.民國十五年至二十九年(1),5.0,男,,旅客,男,machine-proposed; needs human check
Hygiene_Mt492,2,2.民國十五年至二十九年(1),6.0,女,客,旅客,女,machine-proposed; needs human check
Hygiene_Mt493,1,1.民國前十五年至民國前七年,2.0,共計,總,總計,共計,machine-proposed; needs human check
Hygiene_Mt493,1,1.民國前十五年至民國前七年,3.0,有反應,,總計,有反應,machine-proposed; needs human check
Hygiene_Mt493,1,1.民國前十五年至民國前七年,4.0,無反應,計,總計,無反應,machine-proposed; needs human check
Hygiene_Mt493,1,1.民國前十五年至民國前七年,5.0,共計,初,初種,共計,machine-proposed; needs human check
Hygiene_Mt493,1,1.民國前十五年至民國前七年,6.0,有反應,,初種,有反應,machine-proposed; needs human check
Hygiene_Mt493,1,1.民國前十五年至民國前七年,7.0,無反應,種,初種,無反應,machine-proposed; needs human check
Hygiene_Mt493,1,1.民國前十五年至民國前七年,8.0,共計,再,再種,共計,machine-proposed; needs human check
Hygiene_Mt493,1,1.民國前十五年至民國前七年,9.0,有反應,,再種,有反應,machine-proposed; needs human check
Hygiene_Mt493,1,1.民國前十五年至民國前七年,10.0,無反應,種,再種,無反應,machine-proposed; needs human check
Hygiene_Mt493,1,1.民國前十五年至民國前七年,11.0,共計,三種以上,三種以上,共計,machine-proposed; needs human check
Hygiene_Mt493,1,1.民國前十五年至民國前七年,12.0,有反應,,三種以上,有反應,machine-proposed; needs human check
Hygiene_Mt493,1,1.民國前十五年至民國前七年,13.0,無反應,,三種以上,無反應,machine-proposed; needs human check
Hygiene_Mt493,2,2.民國前六年至民國三十一年,2.0,共計,總,總計,共計,machine-proposed; needs human check
Hygiene_Mt493,2,2.民國前六年至民國三十一年,3.0,有反應,,總計,有反應,machine-proposed; needs human check
Hygiene_Mt493,2,2.民國前六年至民國三十一年,4.0,無反應,計,總計,無反應,machine-proposed; needs human check
Hygiene_Mt493,2,2.民國前六年至民國三十一年,5.0,共計,定期佈種(1)／第,定期佈種(1)·第一期,共計,machine-proposed; needs human check
Hygiene_Mt493,2,2.民國前六年至民國三十一年,6.0,有反應,一,定期佈種(1)·第一期,有反應,machine-proposed; needs human check
Hygiene_Mt493,2,2.民國前六年至民國三十一年,7.0,無反應,期,定期佈種(1)·第一期,無反應,machine-proposed; needs human check
Hygiene_Mt493,2,2.民國前六年至民國三十一年,8.0,共計,第,定期佈種(1)·第二期,共計,machine-proposed; needs human check
Hygiene_Mt493,2,2.民國前六年至民國三十一年,9.0,有反應,二,定期佈種(1)·第二期,有反應,machine-proposed; needs human check
Hygiene_Mt493,2,2.民國前六年至民國三十一年,10.0,無反應,期,定期佈種(1)·第二期,無反應,machine-proposed; needs human check
Hygiene_Mt493,2,2.民國前六年至民國三十一年,11.0,共計,臨時佈種,臨時佈種,共計,machine-proposed; needs human check
Hygiene_Mt493,2,2.民國前六年至民國三十一年,12.0,有反應,,臨時佈種,有反應,machine-proposed; needs human check
Hygiene_Mt493,2,2.民國前六年至民國三十一年,13.0,無反應,,臨時佈種,無反應,machine-proposed; needs human check
Hygiene_Mt494,1,,2.0,,共計,受檢延人數·共計,,machine-proposed; needs human check
Hygiene_Mt494,1,,3.0,,受／小計,受檢延人數·有病,小計,machine-proposed; needs human check
Hygiene_Mt494,1,,4.0,,檢／有／梅毒,受檢延人數·有病,梅毒,machine-proposed; needs human check
Hygiene_Mt494,1,,5.0,,延／軟性下疳,受檢延人數·有病,軟性下疳,machine-proposed; needs human check
Hygiene_Mt494,1,,6.0,,人／淋病,受檢延人數·有病,淋病,machine-proposed; needs human check
Hygiene_Mt494,1,,7.0,,數／病／結核性病,受檢延人數·有病,結核性病,machine-proposed; needs human check
Hygiene_Mt494,1,,8.0,傳染性病,其他接觸,受檢延人數·有病,其他接觸傳染性病,machine-proposed; needs human check
Hygiene_Mt494,1,,9.0,,無病,受檢延人數·無病,,machine-proposed; needs human check
Hygiene_Mt494,1,,10.0,,治療／延人日數,治療延人日數,,machine-proposed; needs human check
Hygiene_Mt494,1,,11.0,,平均一次／檢查人數,平均一次檢查人數,,machine-proposed; needs human check
Hygiene_Mt495,1,,2.0,,水道數,水道數,,machine-proposed; needs human check
Hygiene_Mt495,1,,3.0,,總人口(1),總人口(1),,machine-proposed; needs human check
Hygiene_Mt495,1,,4.0,計劃,供給用水人口(2),供給用水人口(2),計劃,machine-proposed; needs human check
Hygiene_Mt495,1,,5.0,實供,,供給用水人口(2),實供,machine-proposed; needs human check
Hygiene_Mt495,1,,6.0,計劃,用水人口佔總人口之百分比,用水人口佔總人口之百分比,計劃,machine-proposed; needs human check
Hygiene_Mt495,1,,7.0,實供,,用水人口佔總人口之百分比,實供,machine-proposed; needs human check
Hygiene_Mt496,1,,,,,,,"EXCLUDED — cross-section, no year rows"
Hygiene_Mt497,1,,2.0,臺北市,,臺北市,,machine-proposed; needs human check
Hygiene_Mt497,1,,3.0,基隆市,,基隆市,,machine-proposed; needs human check
Hygiene_Mt497,1,,4.0,新竹市,,新竹市,,machine-proposed; needs human check
Hygiene_Mt497,1,,5.0,臺中市,,臺中市,,machine-proposed; needs human check
Hygiene_Mt497,1,,6.0,彰化市,,彰化市,,machine-proposed; needs human check
Hygiene_Mt497,1,,7.0,臺南市,,臺南市,,machine-proposed; needs human check
Hygiene_Mt497,1,,8.0,嘉義市,,嘉義市,,machine-proposed; needs human check
Hygiene_Mt497,1,,9.0,高雄市,,高雄市,,machine-proposed; needs human check
Hygiene_Mt497,1,,10.0,屏東市,,屏東市,,machine-proposed; needs human check
Hygiene_Mt497,1,,11.0,花蓮港市,,花蓮港市,,machine-proposed; needs human check
Hygiene_Mt497,1,,12.0,臺東街,,臺東街,,machine-proposed; needs human check
Hygiene_Mt497,1,,13.0,馬公街,,馬公街,,machine-proposed; needs human check
Hygiene_Mt498,1,,2.0,臺北市,,臺北市,,machine-proposed; needs human check
Hygiene_Mt498,1,,3.0,基隆市,,基隆市,,machine-proposed; needs human check
Hygiene_Mt498,1,,4.0,新竹市,,新竹市,,machine-proposed; needs human check
Hygiene_Mt498,1,,5.0,臺中市,,臺中市,,machine-proposed; needs human check
Hygiene_Mt498,1,,6.0,彰化市,,彰化市,,machine-proposed; needs human check
Hygiene_Mt498,1,,7.0,臺南市,,臺南市,,machine-proposed; needs human check
Hygiene_Mt498,1,,8.0,嘉義市,,嘉義市,,machine-proposed; needs human check
Hygiene_Mt498,1,,9.0,高雄市,,高雄市,,machine-proposed; needs human check
Hygiene_Mt498,1,,10.0,屏東市,,屏東市,,machine-proposed; needs human check
Hygiene_Mt498,1,,11.0,花蓮港市,,花蓮港市,,machine-proposed; needs human check
Hygiene_Mt498,1,,12.0,臺東街,,臺東街,,machine-proposed; needs human check
Hygiene_Mt498,1,,13.0,馬公街,,馬公街,,machine-proposed; needs human check
Welfare_Mt499,1,,2.0,共計,上年遺留,上年遺留,共計,machine-proposed; needs human check
Welfare_Mt499,1,,3.0,男,,上年遺留,男,machine-proposed; needs human check
Welfare_Mt499,1,,4.0,女,,上年遺留,女,machine-proposed; needs human check
Welfare_Mt499,1,,5.0,共計,本年救濟,本年救濟,共計,machine-proposed; needs human check
Welfare_Mt499,1,,6.0,男,,本年救濟,男,machine-proposed; needs human check
Welfare_Mt499,1,,7.0,女,,本年救濟,女,machine-proposed; needs human check
Welfare_Mt499,1,,8.0,共計,停止救濟,停止救濟,共計,machine-proposed; needs human check
Welfare_Mt499,1,,9.0,男,,停止救濟,男,machine-proposed; needs human check
Welfare_Mt499,1,,10.0,女,,停止救濟,女,machine-proposed; needs human check
Welfare_Mt499,1,,11.0,共計,死,死亡,共計,machine-proposed; needs human check
Welfare_Mt499,1,,12.0,男,,死亡,男,machine-proposed; needs human check
Welfare_Mt499,1,,13.0,女,亡,死亡,女,machine-proposed; needs human check
Welfare_Mt499,1,,14.0,共計,年底遺留,年底遺留,共計,machine-proposed; needs human check
Welfare_Mt499,1,,15.0,男,,年底遺留,男,machine-proposed; needs human check
Welfare_Mt499,1,,16.0,女,,年底遺留,女,machine-proposed; needs human check
Welfare_Mt499,1,,17.0,共計,救濟金額(臺幣元),救濟金額(臺幣元),共計,machine-proposed; needs human check
Welfare_Mt499,1,,18.0,食料費,,救濟金額(臺幣元),食料費,machine-proposed; needs human check
Welfare_Mt499,1,,19.0,被服費,,救濟金額(臺幣元),被服費,machine-proposed; needs human check
Welfare_Mt499,1,,20.0,醫療費,,救濟金額(臺幣元),醫療費,machine-proposed; needs human check
Welfare_Mt500,1,,2.0,,總／共計,總計,共計,machine-proposed; needs human check
Welfare_Mt500,1,,3.0,,計／本省人,總計,本省人,machine-proposed; needs human check
Welfare_Mt500,1,,4.0,,日本人,總計,日本人,machine-proposed; needs human check
Welfare_Mt500,1,,5.0,本省人,適合救濟規則第一條規定者／共,適合救濟規則第一條規定者·共計,本省人,machine-proposed; needs human check
Welfare_Mt500,1,,6.0,日本人,計,適合救濟規則第一條規定者·共計,日本人,machine-proposed; needs human check
Welfare_Mt500,1,,7.0,本省人,殘,適合救濟規則第一條規定者·殘廢(2),本省人,machine-proposed; needs human check
Welfare_Mt500,1,,8.0,日本人,廢(2),適合救濟規則第一條規定者·殘廢(2),日本人,machine-proposed; needs human check
Welfare_Mt500,1,,9.0,本省人,不具者(3),適合救濟規則第一條規定者·不具者(3),本省人,machine-proposed; needs human check
Welfare_Mt500,1,,10.0,日本人,,適合救濟規則第一條規定者·不具者(3),日本人,machine-proposed; needs human check
Welfare_Mt500,1,,11.0,本省人,重病者,適合救濟規則第一條規定者·重病者,本省人,machine-proposed; needs human check
Welfare_Mt500,1,,12.0,日本人,,適合救濟規則第一條規定者·重病者,日本人,machine-proposed; needs human check
Welfare_Mt500,1,,13.0,本省人,衰老者,適合救濟規則第一條規定者·衰老者,本省人,machine-proposed; needs human check
Welfare_Mt500,1,,14.0,日本人,,適合救濟規則第一條規定者·衰老者,日本人,machine-proposed; needs human check
Welfare_Mt500,1,,15.0,本省人,未滿十三歲者,適合救濟規則第一條規定者·未滿十三歲者,本省人,machine-proposed; needs human check
Welfare_Mt500,1,,16.0,日本人,,適合救濟規則第一條規定者·未滿十三歲者,日本人,machine-proposed; needs human check
Welfare_Mt500,1,,17.0,本省人,適合救濟規則第二條規定者／共,適合救濟規則第二條規定者·共計,本省人,machine-proposed; needs human check
Welfare_Mt500,1,,18.0,日本人,計,適合救濟規則第二條規定者·共計,日本人,machine-proposed; needs human check
Welfare_Mt500,1,,19.0,本省人,殘,適合救濟規則第二條規定者·殘廢(2),本省人,machine-proposed; needs human check
Welfare_Mt500,1,,20.0,日本人,廢(2),適合救濟規則第二條規定者·殘廢(2),日本人,machine-proposed; needs human check
Welfare_Mt500,1,,21.0,本省人,不具者(3),適合救濟規則第二條規定者·不具者(3),本省人,machine-proposed; needs human check
Welfare_Mt500,1,,22.0,日本人,,適合救濟規則第二條規定者·不具者(3),日本人,machine-proposed; needs human check
Welfare_Mt500,1,,23.0,本省人,重病者,適合救濟規則第二條規定者·重病者,本省人,machine-proposed; needs human check
Welfare_Mt500,1,,24.0,日本人,,適合救濟規則第二條規定者·重病者,日本人,machine-proposed; needs human check
Welfare_Mt500,1,,25.0,本省人,衰老者,適合救濟規則第二條規定者·衰老者,本省人,machine-proposed; needs human check
Welfare_Mt500,1,,26.0,日本人,,適合救濟規則第二條規定者·衰老者,日本人,machine-proposed; needs human check
Welfare_Mt500,1,,27.0,本省人,未滿十三歲者,適合救濟規則第二條規定者·未滿十三歲者,本省人,machine-proposed; needs human check
Welfare_Mt500,1,,28.0,日本人,,適合救濟規則第二條規定者·未滿十三歲者,日本人,machine-proposed; needs human check
Welfare_Mt501,1,,2.0,共計,上年遺留,上年遺留,共計,machine-proposed; needs human check
Welfare_Mt501,1,,3.0,男,,上年遺留,男,machine-proposed; needs human check
Welfare_Mt501,1,,4.0,女,,上年遺留,女,machine-proposed; needs human check
Welfare_Mt501,1,,5.0,共計,本年救護,本年救護,共計,machine-proposed; needs human check
Welfare_Mt501,1,,6.0,男,,本年救護,男,machine-proposed; needs human check
Welfare_Mt501,1,,7.0,女,,本年救護,女,machine-proposed; needs human check
Welfare_Mt501,1,,8.0,共計,,治癒,共計,machine-proposed; needs human check
Welfare_Mt501,1,,9.0,男,治癒,治癒,男,machine-proposed; needs human check
Welfare_Mt501,1,,10.0,女,,治癒,女,machine-proposed; needs human check
Welfare_Mt501,1,,11.0,共計,,未癒離院,共計,machine-proposed; needs human check
Welfare_Mt501,1,,12.0,男,未癒離院,未癒離院,男,machine-proposed; needs human check
Welfare_Mt501,1,,13.0,女,,未癒離院,女,machine-proposed; needs human check
Welfare_Mt501,1,,14.0,共計,死,死亡,共計,machine-proposed; needs human check
Welfare_Mt501,1,,15.0,男,,死亡,男,machine-proposed; needs human check
Welfare_Mt501,1,,16.0,女,亡,死亡,女,machine-proposed; needs human check
Welfare_Mt501,1,,17.0,共計,,年底遺留,共計,machine-proposed; needs human check
Welfare_Mt501,1,,18.0,男,年底遺留,年底遺留,男,machine-proposed; needs human check
Welfare_Mt501,1,,19.0,女,,年底遺留,女,machine-proposed; needs human check
Welfare_Mt502,1,,2.0,,救護費用(臺幣元)／共／共計,救護費用(臺幣元)·計(2),共計,machine-proposed; needs human check
Welfare_Mt502,1,,3.0,,男,救護費用(臺幣元)·計(2),男,machine-proposed; needs human check
Welfare_Mt502,1,,4.0,,計(2)／女,救護費用(臺幣元)·計(2),女,machine-proposed; needs human check
Welfare_Mt502,1,,5.0,,本省人／男,救護費用(臺幣元)·本省人,男,machine-proposed; needs human check
Welfare_Mt502,1,,6.0,,女,救護費用(臺幣元)·本省人,女,machine-proposed; needs human check
Welfare_Mt502,1,,7.0,,日本人／男,救護費用(臺幣元)·日本人,男,machine-proposed; needs human check
Welfare_Mt502,1,,8.0,,女,救護費用(臺幣元)·日本人,女,machine-proposed; needs human check
Welfare_Mt502,1,,9.0,,其／男,救護費用(臺幣元)·其他,男,machine-proposed; needs human check
Welfare_Mt502,1,,10.0,,他／女,救護費用(臺幣元)·其他,女,machine-proposed; needs human check
Welfare_Mt502,1,,11.0,,病人關係者還款人數及金額／共／人數,關係者還款·共計,人數,machine-proposed; needs human check
Welfare_Mt502,1,,12.0,(臺幣元),計／金額(2),關係者還款·共計,金額(臺幣元),machine-proposed; needs human check
Welfare_Mt502,1,,13.0,,本省人／人數,關係者還款·本省人,人數,machine-proposed; needs human check
Welfare_Mt502,1,,14.0,(臺幣元),金額,關係者還款·本省人,金額(臺幣元),machine-proposed; needs human check
Welfare_Mt502,1,,15.0,,日本人／人數,關係者還款·日本人,人數,machine-proposed; needs human check
Welfare_Mt502,1,,16.0,(臺幣元),金額,關係者還款·日本人,金額(臺幣元),machine-proposed; needs human check
Welfare_Mt502,1,,17.0,,其／人數,關係者還款·其他,人數,machine-proposed; needs human check
Welfare_Mt502,1,,18.0,(臺幣元),他／金額,關係者還款·其他,金額(臺幣元),machine-proposed; needs human check
Welfare_Mt503,1,,2.0,共計,總,總計,共計,machine-proposed; needs human check
Welfare_Mt503,1,,3.0,男,,總計,男,machine-proposed; needs human check
Welfare_Mt503,1,,4.0,女,計,總計,女,machine-proposed; needs human check
Welfare_Mt503,1,,5.0,男,本省人,本省人,男,machine-proposed; needs human check
Welfare_Mt503,1,,6.0,女,,本省人,女,machine-proposed; needs human check
Welfare_Mt503,1,,7.0,男,日本人,日本人,男,machine-proposed; needs human check
Welfare_Mt503,1,,8.0,女,,日本人,女,machine-proposed; needs human check
Welfare_Mt503,1,,9.0,男,其,其他,男,machine-proposed; needs human check
Welfare_Mt503,1,,10.0,女,他,其他,女,machine-proposed; needs human check
Welfare_Mt504,1,,2.0,,表504歷年行旅死亡人所用費用及其關係者還款數(1)／行旅死亡人所費公款(臺幣元)／共計(2)／小計,行旅死亡人所費公款(臺幣元)·共計(2),小計,machine-proposed; needs human check
Welfare_Mt504,1,,3.0,,男,行旅死亡人所費公款(臺幣元)·共計(2),男,machine-proposed; needs human check
Welfare_Mt504,1,,4.0,,女,行旅死亡人所費公款(臺幣元)·共計(2),女,machine-proposed; needs human check
Welfare_Mt504,1,,5.0,,本省人／男,行旅死亡人所費公款(臺幣元)·本省人,男,machine-proposed; needs human check
Welfare_Mt504,1,,6.0,,女,行旅死亡人所費公款(臺幣元)·本省人,女,machine-proposed; needs human check
Welfare_Mt504,1,,7.0,,日本人／男,行旅死亡人所費公款(臺幣元)·日本人,男,machine-proposed; needs human check
Welfare_Mt504,1,,8.0,,女,行旅死亡人所費公款(臺幣元)·日本人,女,machine-proposed; needs human check
Welfare_Mt504,1,,9.0,,其他／男,行旅死亡人所費公款(臺幣元)·其他,男,machine-proposed; needs human check
Welfare_Mt504,1,,10.0,,女,行旅死亡人所費公款(臺幣元)·其他,女,machine-proposed; needs human check
Welfare_Mt504,1,,11.0,,死亡人關係者還款人數及金額／共計／人數,關係者還款·共計,人數,machine-proposed; needs human check
Welfare_Mt504,1,,12.0,(臺幣元),金額(2),關係者還款·共計,金額(臺幣元),machine-proposed; needs human check
Welfare_Mt504,1,,13.0,,本省人／人數,關係者還款·本省人,人數,machine-proposed; needs human check
Welfare_Mt504,1,,14.0,(臺幣元),金額,關係者還款·本省人,金額(臺幣元),machine-proposed; needs human check
Welfare_Mt504,1,,15.0,,日本人／人數,關係者還款·日本人,人數,machine-proposed; needs human check
Welfare_Mt504,1,,16.0,(臺幣元),金額,關係者還款·日本人,金額(臺幣元),machine-proposed; needs human check
Welfare_Mt504,1,,17.0,,其他／人數,關係者還款·其他,人數,machine-proposed; needs human check
Welfare_Mt504,1,,18.0,(臺幣元),金額,關係者還款·其他,金額(臺幣元),machine-proposed; needs human check
Welfare_Mt505,1,,2.0,共計,總,總計,共計,machine-proposed; needs human check
Welfare_Mt505,1,,3.0,男,,總計,男,machine-proposed; needs human check
Welfare_Mt505,1,,4.0,女,計,總計,女,machine-proposed; needs human check
Welfare_Mt505,1,,5.0,男,佩有功章者,佩有功章者,男,machine-proposed; needs human check
Welfare_Mt505,1,,6.0,女,,佩有功章者,女,machine-proposed; needs human check
Welfare_Mt505,1,,7.0,男,特別會員,特別會員,男,machine-proposed; needs human check
Welfare_Mt505,1,,8.0,女,,特別會員,女,machine-proposed; needs human check
Welfare_Mt505,1,,9.0,男,終身會員,終身會員,男,machine-proposed; needs human check
Welfare_Mt505,1,,10.0,女,,終身會員,女,machine-proposed; needs human check
Welfare_Mt505,1,,11.0,男,正會員,正會員,男,machine-proposed; needs human check
Welfare_Mt505,1,,12.0,女,,正會員,女,machine-proposed; needs human check
Welfare_Mt506,1,,2.0,,患／共計,住院·患者,共計,machine-proposed; needs human check
Welfare_Mt506,1,,3.0,,住／上年遺留,住院·患者,上年遺留,machine-proposed; needs human check
Welfare_Mt506,1,,4.0,,者／本年新患,住院·患者,本年新患,machine-proposed; needs human check
Welfare_Mt506,1,,5.0,,治／共計,住院·治療經過,共計,machine-proposed; needs human check
Welfare_Mt506,1,,6.0,全癒,療／離,住院·治療經過,離院·全癒,machine-proposed; needs human check
Welfare_Mt506,1,,7.0,未瘉,經／院,住院·治療經過,離院·未瘉,machine-proposed; needs human check
Welfare_Mt506,1,,8.0,,過／死亡,住院·治療經過,死亡,machine-proposed; needs human check
Welfare_Mt506,1,,9.0,,轉症,住院·治療經過,轉症,machine-proposed; needs human check
Welfare_Mt506,1,,10.0,,院／年底遺留,住院·治療經過,年底遺留,machine-proposed; needs human check
Welfare_Mt506,1,,11.0,,治療延人／日數(1),住院·治療延人日數(1),,machine-proposed; needs human check
Welfare_Mt506,1,,12.0,,門／患／共計,門診·患者,共計,machine-proposed; needs human check
Welfare_Mt506,1,,13.0,,上年遺留,門診·患者,上年遺留,machine-proposed; needs human check
Welfare_Mt506,1,,14.0,,者／本年新患,門診·患者,本年新患,machine-proposed; needs human check
Welfare_Mt506,1,,15.0,,受診延／人數,門診·受診延人數,,machine-proposed; needs human check
Welfare_Mt506,1,,16.0,,診／治療延人／日數(1),門診·治療延人日數(1),,machine-proposed; needs human check
Welfare_Mt507,1,,2.0,寺廟,總,總計,寺廟,machine-proposed; needs human check
Welfare_Mt507,1,,3.0,齋堂,,總計,齋堂,machine-proposed; needs human check
Welfare_Mt507,1,,4.0,神明會,計,總計,神明會,machine-proposed; needs human check
Welfare_Mt507,1,,5.0,寺廟,臺北州,臺北州,寺廟,machine-proposed; needs human check
Welfare_Mt507,1,,6.0,齋堂,,臺北州,齋堂,machine-proposed; needs human check
Welfare_Mt507,1,,7.0,神明會,,臺北州,神明會,machine-proposed; needs human check
Welfare_Mt507,1,,8.0,寺廟,新竹州,新竹州,寺廟,machine-proposed; needs human check
Welfare_Mt507,1,,9.0,齋堂,,新竹州,齋堂,machine-proposed; needs human check
Welfare_Mt507,1,,10.0,神明會,,新竹州,神明會,machine-proposed; needs human check
Welfare_Mt507,1,,11.0,寺廟,臺中州,臺中州,寺廟,machine-proposed; needs human check
Welfare_Mt507,1,,12.0,齋堂,,臺中州,齋堂,machine-proposed; needs human check
Welfare_Mt507,1,,13.0,神明會,,臺中州,神明會,machine-proposed; needs human check
Welfare_Mt507,1,,14.0,寺廟,臺南州,臺南州,寺廟,machine-proposed; needs human check
Welfare_Mt507,1,,15.0,齋堂,,臺南州,齋堂,machine-proposed; needs human check
Welfare_Mt507,1,,16.0,神明會,,臺南州,神明會,machine-proposed; needs human check
Welfare_Mt507,1,,17.0,寺廟,高雄州,高雄州,寺廟,machine-proposed; needs human check
Welfare_Mt507,1,,18.0,齋堂,,高雄州,齋堂,machine-proposed; needs human check
Welfare_Mt507,1,,19.0,神明會,,高雄州,神明會,machine-proposed; needs human check
Welfare_Mt507,1,,20.0,寺廟,臺東廳,臺東廳,寺廟,machine-proposed; needs human check
Welfare_Mt507,1,,21.0,齋堂,,臺東廳,齋堂,machine-proposed; needs human check
Welfare_Mt507,1,,22.0,神明會,,臺東廳,神明會,machine-proposed; needs human check
Welfare_Mt507,1,,23.0,寺廟,花蓮港廳,花蓮港廳,寺廟,machine-proposed; needs human check
Welfare_Mt507,1,,24.0,齋堂,,花蓮港廳,齋堂,machine-proposed; needs human check
Welfare_Mt507,1,,25.0,神明會,,花蓮港廳,神明會,machine-proposed; needs human check
Welfare_Mt507,1,,26.0,寺廟,澎湖廳(3),澎湖廳(3),寺廟,machine-proposed; needs human check
Welfare_Mt507,1,,27.0,齋堂,,澎湖廳(3),齋堂,machine-proposed; needs human check
Welfare_Mt507,1,,28.0,神明會,,澎湖廳(3),神明會,machine-proposed; needs human check
Welfare_Mt508,1,,2.0,,寺院,總計·寺院,,machine-proposed; needs human check
Welfare_Mt508,1,,3.0,,總／僧侶,總計·僧侶,,machine-proposed; needs human check
Welfare_Mt508,1,,4.0,,佈教師,總計·佈教師,,machine-proposed; needs human check
Welfare_Mt508,1,,5.0,共計,信,總計·信徒,共計,machine-proposed; needs human check
Welfare_Mt508,1,,6.0,本省人,,總計·信徒,本省人,machine-proposed; needs human check
Welfare_Mt508,1,,7.0,外省人,計,總計·信徒,外省人,machine-proposed; needs human check
Welfare_Mt508,1,,8.0,日本人,徒,總計·信徒,日本人,machine-proposed; needs human check
Welfare_Mt508,1,,9.0,,臺北州／寺院,臺北州·寺院,,machine-proposed; needs human check
Welfare_Mt508,1,,10.0,,僧侶,臺北州·僧侶,,machine-proposed; needs human check
Welfare_Mt508,1,,11.0,,佈教師,臺北州·佈教師,,machine-proposed; needs human check
Welfare_Mt508,1,,12.0,共計,信,臺北州·信徒,共計,machine-proposed; needs human check
Welfare_Mt508,1,,13.0,本省人,,臺北州·信徒,本省人,machine-proposed; needs human check
Welfare_Mt508,1,,14.0,外省人,,臺北州·信徒,外省人,machine-proposed; needs human check
Welfare_Mt508,1,,15.0,日本人,徒,臺北州·信徒,日本人,machine-proposed; needs human check
Welfare_Mt508,1,,16.0,,新竹州／寺院,新竹州·寺院,,machine-proposed; needs human check
Welfare_Mt508,1,,17.0,,僧侶,新竹州·僧侶,,machine-proposed; needs human check
Welfare_Mt508,1,,18.0,,佈教師,新竹州·佈教師,,machine-proposed; needs human check
Welfare_Mt508,1,,19.0,共計,信,新竹州·信徒,共計,machine-proposed; needs human check
Welfare_Mt508,1,,20.0,本省人,,新竹州·信徒,本省人,machine-proposed; needs human check
Welfare_Mt508,1,,21.0,日本人,徒,新竹州·信徒,日本人,machine-proposed; needs human check
Welfare_Mt508,1,,22.0,,臺中州／寺院,臺中州·寺院,,machine-proposed; needs human check
Welfare_Mt508,1,,23.0,,僧侶,臺中州·僧侶,,machine-proposed; needs human check
Welfare_Mt508,1,,24.0,,佈教師,臺中州·佈教師,,machine-proposed; needs human check
Welfare_Mt508,1,,25.0,共計,信,臺中州·信徒,共計,machine-proposed; needs human check
Welfare_Mt508,1,,26.0,本省人,,臺中州·信徒,本省人,machine-proposed; needs human check
Welfare_Mt508,1,,27.0,外省人,,臺中州·信徒,外省人,machine-proposed; needs human check
Welfare_Mt508,1,,28.0,日本人,徒,臺中州·信徒,日本人,machine-proposed; needs human check
Welfare_Mt508,1,,29.0,,臺南州／寺院,臺南州·寺院,,machine-proposed; needs human check
Welfare_Mt508,1,,30.0,,僧侶,臺南州·僧侶,,machine-proposed; needs human check
Welfare_Mt508,1,,31.0,,佈教師,臺南州·佈教師,,machine-proposed; needs human check
Welfare_Mt508,1,,32.0,共計,信,臺南州·信徒,共計,machine-proposed; needs human check
Welfare_Mt508,1,,33.0,本省人,,臺南州·信徒,本省人,machine-proposed; needs human check
Welfare_Mt508,1,,34.0,外省人,,臺南州·信徒,外省人,machine-proposed; needs human check
Welfare_Mt508,1,,35.0,日本人,徒,臺南州·信徒,日本人,machine-proposed; needs human check
Welfare_Mt508,1,,36.0,,高雄州／寺院,高雄州·寺院,,machine-proposed; needs human check
Welfare_Mt508,1,,37.0,,僧侶,高雄州·僧侶,,machine-proposed; needs human check
Welfare_Mt508,1,,38.0,,佈教師,高雄州·佈教師,,machine-proposed; needs human check
Welfare_Mt508,1,,39.0,共計,信,高雄州·信徒,共計,machine-proposed; needs human check
Welfare_Mt508,1,,40.0,本省人,,高雄州·信徒,本省人,machine-proposed; needs human check
Welfare_Mt508,1,,41.0,外省人,,高雄州·信徒,外省人,machine-proposed; needs human check
Welfare_Mt508,1,,42.0,日本人,徒,高雄州·信徒,日本人,machine-proposed; needs human check
Welfare_Mt508,1,,43.0,,花蓮港廳／寺院,花蓮港廳·寺院,,machine-proposed; needs human check
Welfare_Mt508,1,,44.0,,僧侶,花蓮港廳·僧侶,,machine-proposed; needs human check
Welfare_Mt508,1,,45.0,,佈教師,花蓮港廳·佈教師,,machine-proposed; needs human check
Welfare_Mt508,1,,46.0,共計,信,花蓮港廳·信徒,共計,machine-proposed; needs human check
Welfare_Mt508,1,,47.0,本省人,,花蓮港廳·信徒,本省人,machine-proposed; needs human check
Welfare_Mt508,1,,48.0,外省人,,花蓮港廳·信徒,外省人,machine-proposed; needs human check
Welfare_Mt508,1,,49.0,日本人,徒,花蓮港廳·信徒,日本人,machine-proposed; needs human check
Welfare_Mt508,1,,50.0,,澎湖廳(3)／寺院,澎湖廳(3)·寺院,,machine-proposed; needs human check
Welfare_Mt508,1,,51.0,,僧侶,澎湖廳(3)·僧侶,,machine-proposed; needs human check
Welfare_Mt508,1,,52.0,,佈教師,澎湖廳(3)·佈教師,,machine-proposed; needs human check
Welfare_Mt508,1,,53.0,共計,信,澎湖廳(3)·信徒,共計,machine-proposed; needs human check
Welfare_Mt508,1,,54.0,本省人,,澎湖廳(3)·信徒,本省人,machine-proposed; needs human check
Welfare_Mt508,1,,55.0,日本人,徒,澎湖廳(3)·信徒,日本人,machine-proposed; needs human check
Welfare_Mt509,1,,2.0,佈教師,總,總計,佈教師,machine-proposed; needs human check
Welfare_Mt509,1,,3.0,信徒,計,總計,信徒,machine-proposed; needs human check
Welfare_Mt509,1,,4.0,佈教師,天台宗,天台宗,佈教師,machine-proposed; needs human check
Welfare_Mt509,1,,5.0,信徒,,天台宗,信徒,machine-proposed; needs human check
Welfare_Mt509,1,,6.0,佈教師,真言宗,真言宗,佈教師,machine-proposed; needs human check
Welfare_Mt509,1,,7.0,信徒,,真言宗,信徒,machine-proposed; needs human check
Welfare_Mt509,1,,8.0,佈教師,淨土宗,淨土宗,佈教師,machine-proposed; needs human check
Welfare_Mt509,1,,9.0,信徒,,淨土宗,信徒,machine-proposed; needs human check
Welfare_Mt509,1,,10.0,佈教師,淨土宗西山派,淨土宗西山派,佈教師,machine-proposed; needs human check
Welfare_Mt509,1,,11.0,信徒,,淨土宗西山派,信徒,machine-proposed; needs human check
Welfare_Mt509,1,,12.0,佈教師,曹洞宗,曹洞宗,佈教師,machine-proposed; needs human check
Welfare_Mt509,1,,13.0,信徒,,曹洞宗,信徒,machine-proposed; needs human check
Welfare_Mt509,1,,14.0,佈教師,臨濟宗,臨濟宗,佈教師,machine-proposed; needs human check
Welfare_Mt509,1,,15.0,信徒,,臨濟宗,信徒,machine-proposed; needs human check
Welfare_Mt509,1,,16.0,佈教師,真宗本願寺派,真宗本願寺派,佈教師,machine-proposed; needs human check
Welfare_Mt509,1,,17.0,信徒,,真宗本願寺派,信徒,machine-proposed; needs human check
Welfare_Mt509,1,,18.0,佈教師,真宗大谷派,真宗大谷派,佈教師,machine-proposed; needs human check
Welfare_Mt509,1,,19.0,信徒,,真宗大谷派,信徒,machine-proposed; needs human check
Welfare_Mt509,1,,20.0,佈教師,日蓮宗,日蓮宗,佈教師,machine-proposed; needs human check
Welfare_Mt509,1,,21.0,信徒,,日蓮宗,信徒,machine-proposed; needs human check
Welfare_Mt510,1,,2.0,,教務所,教務所,,machine-proposed; needs human check
Welfare_Mt510,1,,3.0,,說教所,說教所,,machine-proposed; needs human check
Welfare_Mt510,1,,4.0,屬佈教師,說教所所,說教所所屬佈教師,,machine-proposed; needs human check
Welfare_Mt510,1,,5.0,共計,說教所所屬信徒,說教所所屬信徒,共計,machine-proposed; needs human check
Welfare_Mt510,1,,6.0,本省人,,說教所所屬信徒,本省人,machine-proposed; needs human check
Welfare_Mt510,1,,7.0,外省人(1),,說教所所屬信徒,外省人(1),machine-proposed; needs human check
Welfare_Mt510,1,,8.0,日本人,,說教所所屬信徒,日本人,machine-proposed; needs human check
Welfare_Mt511,1,,2.0,佈教師,總,總計,佈教師,machine-proposed; needs human check
Welfare_Mt511,1,,3.0,信徒,計,總計,信徒,machine-proposed; needs human check
Welfare_Mt511,1,,4.0,佈教師,天台宗,天台宗,佈教師,machine-proposed; needs human check
Welfare_Mt511,1,,5.0,信徒,,天台宗,信徒,machine-proposed; needs human check
Welfare_Mt511,1,,6.0,佈教師,真言宗,真言宗,佈教師,machine-proposed; needs human check
Welfare_Mt511,1,,7.0,信徒,,真言宗,信徒,machine-proposed; needs human check
Welfare_Mt511,1,,8.0,佈教師,真言宗醍醐派,真言宗醍醐派,佈教師,machine-proposed; needs human check
Welfare_Mt511,1,,9.0,信徒,,真言宗醍醐派,信徒,machine-proposed; needs human check
Welfare_Mt511,1,,10.0,佈教師,淨土宗,淨土宗,佈教師,machine-proposed; needs human check
Welfare_Mt511,1,,11.0,信徒,,淨土宗,信徒,machine-proposed; needs human check
Welfare_Mt511,1,,12.0,佈教師,淨土宗西山派,淨土宗西山派,佈教師,machine-proposed; needs human check
Welfare_Mt511,1,,13.0,信徒,,淨土宗西山派,信徒,machine-proposed; needs human check
Welfare_Mt511,1,,14.0,佈教師,曹洞宗,曹洞宗,佈教師,machine-proposed; needs human check
Welfare_Mt511,1,,15.0,信徒,,曹洞宗,信徒,machine-proposed; needs human check
Welfare_Mt511,1,,16.0,佈教師,臨濟宗,臨濟宗,佈教師,machine-proposed; needs human check
Welfare_Mt511,1,,17.0,信徒,,臨濟宗,信徒,machine-proposed; needs human check
Welfare_Mt511,1,,18.0,佈教師,真宗本願寺派,真宗本願寺派,佈教師,machine-proposed; needs human check
Welfare_Mt511,1,,19.0,信徒,,真宗本願寺派,信徒,machine-proposed; needs human check
Welfare_Mt511,1,,20.0,佈教師,真宗大谷派,真宗大谷派,佈教師,machine-proposed; needs human check
Welfare_Mt511,1,,21.0,信徒,,真宗大谷派,信徒,machine-proposed; needs human check
Welfare_Mt511,1,,22.0,佈教師,真宗木邊派,真宗木邊派,佈教師,machine-proposed; needs human check
Welfare_Mt511,1,,23.0,信徒,,真宗木邊派,信徒,machine-proposed; needs human check
Welfare_Mt511,1,,24.0,佈教師,日蓮宗,日蓮宗,佈教師,machine-proposed; needs human check
Welfare_Mt511,1,,25.0,信徒,,日蓮宗,信徒,machine-proposed; needs human check
Welfare_Mt511,1,,26.0,佈教師,法華宗,法華宗,佈教師,machine-proposed; needs human check
Welfare_Mt511,1,,27.0,信徒,,法華宗,信徒,machine-proposed; needs human check
Welfare_Mt511,1,,28.0,佈教師,華嚴宗,華嚴宗,佈教師,machine-proposed; needs human check
Welfare_Mt511,1,,29.0,信徒,,華嚴宗,信徒,machine-proposed; needs human check
Welfare_Mt512,1,,2.0,,教務所,教務所,,machine-proposed; needs human check
Welfare_Mt512,1,,3.0,,說教所,說教所,,machine-proposed; needs human check
Welfare_Mt512,1,,4.0,屬佈教師,說教所所,說教所所屬佈教師,,machine-proposed; needs human check
Welfare_Mt512,1,,5.0,共計,說教所所屬信徒,說教所所屬信徒,共計,machine-proposed; needs human check
Welfare_Mt512,1,,6.0,本省人,,說教所所屬信徒,本省人,machine-proposed; needs human check
Welfare_Mt512,1,,7.0,外省人(1),,說教所所屬信徒,外省人(1),machine-proposed; needs human check
Welfare_Mt512,1,,8.0,日本人,,說教所所屬信徒,日本人,machine-proposed; needs human check
Welfare_Mt513,1,,2.0,佈教師,總,總計,佈教師,machine-proposed; needs human check
Welfare_Mt513,1,,3.0,信徒,計,總計,信徒,machine-proposed; needs human check
Welfare_Mt513,1,,4.0,佈教師,天主公教會,天主公教會,佈教師,machine-proposed; needs human check
Welfare_Mt513,1,,5.0,信徒,,天主公教會,信徒,machine-proposed; needs human check
Welfare_Mt513,1,,6.0,佈教師,長老教會,長老教會,佈教師,machine-proposed; needs human check
Welfare_Mt513,1,,7.0,信徒,,長老教會,信徒,machine-proposed; needs human check
Welfare_Mt513,1,,8.0,佈教師,日本基督教會,日本基督教會,佈教師,machine-proposed; needs human check
Welfare_Mt513,1,,9.0,信徒,,日本基督教會,信徒,machine-proposed; needs human check
Welfare_Mt513,1,,10.0,佈教師,日本組合基督教會,日本組合基督教會,佈教師,machine-proposed; needs human check
Welfare_Mt513,1,,11.0,信徒,,日本組合基督教會,信徒,machine-proposed; needs human check
Welfare_Mt513,1,,12.0,佈教師,日本聖教會,日本聖教會,佈教師,machine-proposed; needs human check
Welfare_Mt513,1,,13.0,信徒,,日本聖教會,信徒,machine-proposed; needs human check
Welfare_Mt513,1,,14.0,佈教師,救世軍,救世軍,佈教師,machine-proposed; needs human check
Welfare_Mt513,1,,15.0,信徒,,救世軍,信徒,machine-proposed; needs human check
Welfare_Mt513,1,,16.0,佈教師,日本梅瑟奇斯多教會,日本梅瑟奇斯多教會,佈教師,machine-proposed; needs human check
Welfare_Mt513,1,,17.0,信徒,,日本梅瑟奇斯多教會,信徒,machine-proposed; needs human check
Welfare_Mt513,1,,18.0,佈教師,日本聖公會,日本聖公會,佈教師,machine-proposed; needs human check
Welfare_Mt513,1,,19.0,信徒,,日本聖公會,信徒,machine-proposed; needs human check
Welfare_Mt513,1,,20.0,佈教師,第七日再臨團,第七日再臨團,佈教師,machine-proposed; needs human check
Welfare_Mt513,1,,21.0,信徒,,第七日再臨團,信徒,machine-proposed; needs human check
Welfare_Mt513,1,,22.0,佈教師,正教,正教,佈教師,machine-proposed; needs human check
Welfare_Mt513,1,,23.0,信徒,,正教,信徒,machine-proposed; needs human check
Welfare_Mt513,1,,24.0,佈教師,霍利納斯教,霍利納斯教,佈教師,machine-proposed; needs human check
Welfare_Mt513,1,,25.0,信徒,,霍利納斯教,信徒,machine-proposed; needs human check
Welfare_Mt513,1,,26.0,佈教師,其他,其他,佈教師,machine-proposed; needs human check
Welfare_Mt513,1,,27.0,信徒,,其他,信徒,machine-proposed; needs human check
Welfare_Mt514,1,,2.0,,教務所,教務所,,machine-proposed; needs human check
Welfare_Mt514,1,,3.0,,說教所,說教所,,machine-proposed; needs human check
Welfare_Mt514,1,,4.0,屬佈教師,說教所所,說教所所屬佈教師,,machine-proposed; needs human check
Welfare_Mt514,1,,5.0,共計,說教所所屬信徒,說教所所屬信徒,共計,machine-proposed; needs human check
Welfare_Mt514,1,,6.0,本省人,,說教所所屬信徒,本省人,machine-proposed; needs human check
Welfare_Mt514,1,,7.0,外省人(1),,說教所所屬信徒,外省人(1),machine-proposed; needs human check
Welfare_Mt514,1,,8.0,日本人,,說教所所屬信徒,日本人,machine-proposed; needs human check
Welfare_Mt515,1,,2.0,佈教師,總,總計,佈教師,machine-proposed; needs human check
Welfare_Mt515,1,,3.0,信徒,計,總計,信徒,machine-proposed; needs human check
Welfare_Mt515,1,,4.0,佈教師,天理教,天理教,佈教師,machine-proposed; needs human check
Welfare_Mt515,1,,5.0,信徒,,天理教,信徒,machine-proposed; needs human check
Welfare_Mt515,1,,6.0,佈教師,金光教,金光教,佈教師,machine-proposed; needs human check
Welfare_Mt515,1,,7.0,信徒,,金光教,信徒,machine-proposed; needs human check
Welfare_Mt515,1,,8.0,佈教師,神習教,神習教,佈教師,machine-proposed; needs human check
Welfare_Mt515,1,,9.0,信徒,,神習教,信徒,machine-proposed; needs human check
Welfare_Mt515,1,,10.0,佈教師,御嶽教,御嶽教,佈教師,machine-proposed; needs human check
Welfare_Mt515,1,,11.0,信徒,,御嶽教,信徒,machine-proposed; needs human check
Welfare_Mt515,1,,12.0,佈教師,實行教,實行教,佈教師,machine-proposed; needs human check
Welfare_Mt515,1,,13.0,信徒,,實行教,信徒,machine-proposed; needs human check
Welfare_Mt515,1,,14.0,佈教師,大社教,大社教,佈教師,machine-proposed; needs human check
Welfare_Mt515,1,,15.0,信徒,,大社教,信徒,machine-proposed; needs human check
Welfare_Mt515,1,,16.0,佈教師,扶桑教,扶桑教,佈教師,machine-proposed; needs human check
Welfare_Mt515,1,,17.0,信徒,,扶桑教,信徒,machine-proposed; needs human check
Welfare_Mt515,1,,18.0,佈教師,神理教,神理教,佈教師,machine-proposed; needs human check
Welfare_Mt515,1,,19.0,信徒,,神理教,信徒,machine-proposed; needs human check
Welfare_Mt515,1,,20.0,佈教師,神道派,神道派,佈教師,machine-proposed; needs human check
Welfare_Mt515,1,,21.0,信徒,,神道派,信徒,machine-proposed; needs human check
Welfare_Mt515,1,,22.0,佈教師,黑住教,黑住教,佈教師,machine-proposed; needs human check
Welfare_Mt515,1,,23.0,信徒,,黑住教,信徒,machine-proposed; needs human check
