table_id,year,period_type,dim1,dim2,value,flag,src_row,src_col
Mt468,1899,fiscal_year_end,大,校數,,missing_dot,7,2
Mt468,1899,fiscal_year_end,大,教員數,,missing_dot,7,3
Mt468,1899,fiscal_year_end,學,學生數,,missing_dot,7,4
Mt468,1899,fiscal_year_end,專門學校,校數,1.0,,7,5
Mt468,1899,fiscal_year_end,專門學校,教員數,10.0,,7,6
Mt468,1899,fiscal_year_end,專門學校,學生數,69.0,,7,7
Mt468,1899,fiscal_year_end,師範學校,校數,1.0,,7,8
Mt468,1899,fiscal_year_end,師範學校,教員數,24.0,,7,9
Mt468,1899,fiscal_year_end,師範學校,學生數,171.0,,7,10
Mt468,1899,fiscal_year_end,中等學校(2),校數,,missing_dot,7,11
Mt468,1899,fiscal_year_end,中等學校(2),教員數,,missing_dot,7,12
Mt468,1899,fiscal_year_end,中等學校(2),學生數,,missing_dot,7,13
Mt468,1899,fiscal_year_end,職業學校(3),校數,,missing_dot,7,14
Mt468,1899,fiscal_year_end,職業學校(3),教員數,,missing_dot,7,15
Mt468,1899,fiscal_year_end,職業學校(3),學生數,,missing_dot,7,16
Mt468,1899,fiscal_year_end,國民學校,校數,103.0,,7,17
Mt468,1899,fiscal_year_end,國民學校,教員數,359.0,,7,18
Mt468,1899,fiscal_year_end,國民學校,學生數,10295.0,,7,19
Mt468,1899,fiscal_year_end,盲啞學校,校數,,missing_dot,7,20
Mt468,1899,fiscal_year_end,盲啞學校,教員數,,missing_dot,7,21
Mt468,1899,fiscal_year_end,盲啞學校,學生數,,missing_dot,7,22
Mt468,1899,fiscal_year_end,特種學校,校數,6.0,,7,23
Mt468,1899,fiscal_year_end,特種學校,教員數,33.0,,7,24
Mt468,1899,fiscal_year_end,特種學校,學生數,781.0,,7,25
Mt468,1899,fiscal_year_end,私,校數,1421.0,,7,26
Mt468,1899,fiscal_year_end,私,教員數,1421.0,,7,27
Mt468,1899,fiscal_year_end,塾,學生數,25215.0,,7,28
Mt468,1899,fiscal_year_end,幼,校數,,missing_dot,7,29
Mt468,1899,fiscal_year_end,稚,教員數,,missing_dot,7,30
Mt468,1899,fiscal_year_end,園,學生數,,missing_dot,7,31
Mt468,1900,fiscal_year_end,大,校數,,missing_dot,8,2
Mt468,1900,fiscal_year_end,大,教員數,,missing_dot,8,3
Mt468,1900,fiscal_year_end,學,學生數,,missing_dot,8,4
Mt468,1900,fiscal_year_end,專門學校,校數,1.0,,8,5
Mt468,1900,fiscal_year_end,專門學校,教員數,11.0,,8,6
Mt468,1900,fiscal_year_end,專門學校,學生數,89.0,,8,7
Mt468,1900,fiscal_year_end,師範學校,校數,1.0,,8,8
Mt468,1900,fiscal_year_end,師範學校,教員數,27.0,,8,9
Mt468,1900,fiscal_year_end,師範學校,學生數,195.0,,8,10
Mt468,1900,fiscal_year_end,中等學校(2),校數,,missing_dot,8,11
Mt468,1900,fiscal_year_end,中等學校(2),教員數,,missing_dot,8,12
Mt468,1900,fiscal_year_end,中等學校(2),學生數,,missing_dot,8,13
Mt468,1900,fiscal_year_end,職業學校(3),校數,,missing_dot,8,14
Mt468,1900,fiscal_year_end,職業學校(3),教員數,,missing_dot,8,15
Mt468,1900,fiscal_year_end,職業學校(3),學生數,,missing_dot,8,16
Mt468,1900,fiscal_year_end,國民學校,校數,127.0,,8,17
Mt468,1900,fiscal_year_end,國民學校,教員數,497.0,,8,18
Mt468,1900,fiscal_year_end,國民學校,學生數,13272.0,,8,19
Mt468,1900,fiscal_year_end,盲啞學校,校數,,missing_dot,8,20
Mt468,1900,fiscal_year_end,盲啞學校,教員數,,missing_dot,8,21
Mt468,1900,fiscal_year_end,盲啞學校,學生數,,missing_dot,8,22
Mt468,1900,fiscal_year_end,特種學校,校數,10.0,,8,23
Mt468,1900,fiscal_year_end,特種學校,教員數,51.0,,8,24
Mt468,1900,fiscal_year_end,特種學校,學生數,823.0,,8,25
Mt468,1900,fiscal_year_end,私,校數,1473.0,,8,26
Mt468,1900,fiscal_year_end,私,教員數,1392.0,,8,27
Mt468,1900,fiscal_year_end,塾,學生數,26186.0,,8,28
Mt468,1900,fiscal_year_end,幼,校數,,missing_dot,8,29
Mt468,1900,fiscal_year_end,稚,教員數,,missing_dot,8,30
Mt468,1900,fiscal_year_end,園,學生數,,missing_dot,8,31
Mt468,1901,fiscal_year_end,大,校數,,missing_dot,9,2
Mt468,1901,fiscal_year_end,大,教員數,,missing_dot,9,3
Mt468,1901,fiscal_year_end,學,學生數,,missing_dot,9,4
Mt468,1901,fiscal_year_end,專門學校,校數,1.0,,9,5
Mt468,1901,fiscal_year_end,專門學校,教員數,15.0,,9,6
Mt468,1901,fiscal_year_end,專門學校,學生數,107.0,,9,7
Mt468,1901,fiscal_year_end,師範學校,校數,1.0,,9,8
Mt468,1901,fiscal_year_end,師範學校,教員數,27.0,,9,9
Mt468,1901,fiscal_year_end,師範學校,學生數,154.0,,9,10
Mt468,1901,fiscal_year_end,中等學校(2),校數,,missing_dot,9,11
Mt468,1901,fiscal_year_end,中等學校(2),教員數,,missing_dot,9,12
Mt468,1901,fiscal_year_end,中等學校(2),學生數,,missing_dot,9,13
Mt468,1901,fiscal_year_end,職業學校(3),校數,,missing_dot,9,14
Mt468,1901,fiscal_year_end,職業學校(3),教員數,,missing_dot,9,15
Mt468,1901,fiscal_year_end,職業學校(3),學生數,,missing_dot,9,16
Mt468,1901,fiscal_year_end,國民學校,校數,132.0,,9,17
Mt468,1901,fiscal_year_end,國民學校,教員數,550.0,,9,18
Mt468,1901,fiscal_year_end,國民學校,學生數,17579.0,,9,19
Mt468,1901,fiscal_year_end,盲啞學校,校數,,missing_dot,9,20
Mt468,1901,fiscal_year_end,盲啞學校,教員數,,missing_dot,9,21
Mt468,1901,fiscal_year_end,盲啞學校,學生數,,missing_dot,9,22
Mt468,1901,fiscal_year_end,特種學校,校數,7.0,,9,23
Mt468,1901,fiscal_year_end,特種學校,教員數,50.0,,9,24
Mt468,1901,fiscal_year_end,特種學校,學生數,1288.0,,9,25
Mt468,1901,fiscal_year_end,私,校數,1554.0,,9,26
Mt468,1901,fiscal_year_end,私,教員數,1543.0,,9,27
Mt468,1901,fiscal_year_end,塾,學生數,28064.0,,9,28
Mt468,1901,fiscal_year_end,幼,校數,,missing_dot,9,29
Mt468,1901,fiscal_year_end,稚,教員數,,missing_dot,9,30
Mt468,1901,fiscal_year_end,園,學生數,,missing_dot,9,31
Mt468,1902,fiscal_year_end,大,校數,,missing_dot,10,2
Mt468,1902,fiscal_year_end,大,教員數,,missing_dot,10,3
Mt468,1902,fiscal_year_end,學,學生數,,missing_dot,10,4
Mt468,1902,fiscal_year_end,專門學校,校數,1.0,,10,5
Mt468,1902,fiscal_year_end,專門學校,教員數,20.0,,10,6
Mt468,1902,fiscal_year_end,專門學校,學生數,120.0,,10,7
Mt468,1902,fiscal_year_end,師範學校,校數,1.0,,10,8
Mt468,1902,fiscal_year_end,師範學校,教員數,28.0,,10,9
Mt468,1902,fiscal_year_end,師範學校,學生數,210.0,,10,10
Mt468,1902,fiscal_year_end,中等學校(2),校數,,missing_dot,10,11
Mt468,1902,fiscal_year_end,中等學校(2),教員數,,missing_dot,10,12
Mt468,1902,fiscal_year_end,中等學校(2),學生數,,missing_dot,10,13
Mt468,1902,fiscal_year_end,職業學校(3),校數,,missing_dot,10,14
Mt468,1902,fiscal_year_end,職業學校(3),教員數,,missing_dot,10,15
Mt468,1902,fiscal_year_end,職業學校(3),學生數,,missing_dot,10,16
Mt468,1902,fiscal_year_end,國民學校,校數,153.0,,10,17
Mt468,1902,fiscal_year_end,國民學校,教員數,624.0,,10,18
Mt468,1902,fiscal_year_end,國民學校,學生數,20931.0,,10,19
Mt468,1902,fiscal_year_end,盲啞學校,校數,,missing_dot,10,20
Mt468,1902,fiscal_year_end,盲啞學校,教員數,,missing_dot,10,21
Mt468,1902,fiscal_year_end,盲啞學校,學生數,,missing_dot,10,22
Mt468,1902,fiscal_year_end,特種學校,校數,7.0,,10,23
Mt468,1902,fiscal_year_end,特種學校,教員數,59.0,,10,24
Mt468,1902,fiscal_year_end,特種學校,學生數,1117.0,,10,25
Mt468,1902,fiscal_year_end,私,校數,1623.0,,10,26
Mt468,1902,fiscal_year_end,私,教員數,1629.0,,10,27
Mt468,1902,fiscal_year_end,塾,學生數,29742.0,,10,28
Mt468,1902,fiscal_year_end,幼,校數,,missing_dot,10,29
Mt468,1902,fiscal_year_end,稚,教員數,,missing_dot,10,30
Mt468,1902,fiscal_year_end,園,學生數,,missing_dot,10,31
Mt468,1903,fiscal_year_end,大,校數,,missing_dot,11,2
Mt468,1903,fiscal_year_end,大,教員數,,missing_dot,11,3
Mt468,1903,fiscal_year_end,學,學生數,,missing_dot,11,4
Mt468,1903,fiscal_year_end,專門學校,校數,1.0,,11,5
Mt468,1903,fiscal_year_end,專門學校,教員數,17.0,,11,6
Mt468,1903,fiscal_year_end,專門學校,學生數,115.0,,11,7
Mt468,1903,fiscal_year_end,師範學校,校數,1.0,,11,8
Mt468,1903,fiscal_year_end,師範學校,教員數,33.0,,11,9
Mt468,1903,fiscal_year_end,師範學校,學生數,166.0,,11,10
Mt468,1903,fiscal_year_end,中等學校(2),校數,,missing_dot,11,11
Mt468,1903,fiscal_year_end,中等學校(2),教員數,,missing_dot,11,12
Mt468,1903,fiscal_year_end,中等學校(2),學生數,,missing_dot,11,13
Mt468,1903,fiscal_year_end,職業學校(3),校數,,missing_dot,11,14
Mt468,1903,fiscal_year_end,職業學校(3),教員數,,missing_dot,11,15
Mt468,1903,fiscal_year_end,職業學校(3),學生數,,missing_dot,11,16
Mt468,1903,fiscal_year_end,國民學校,校數,160.0,,11,17
Mt468,1903,fiscal_year_end,國民學校,教員數,728.0,,11,18
Mt468,1903,fiscal_year_end,國民學校,學生數,23866.0,,11,19
Mt468,1903,fiscal_year_end,盲啞學校,校數,,missing_dot,11,20
Mt468,1903,fiscal_year_end,盲啞學校,教員數,,missing_dot,11,21
Mt468,1903,fiscal_year_end,盲啞學校,學生數,,missing_dot,11,22
Mt468,1903,fiscal_year_end,特種學校,校數,8.0,,11,23
Mt468,1903,fiscal_year_end,特種學校,教員數,72.0,,11,24
Mt468,1903,fiscal_year_end,特種學校,學生數,1188.0,,11,25
Mt468,1903,fiscal_year_end,私,校數,1365.0,,11,26
Mt468,1903,fiscal_year_end,私,教員數,1368.0,,11,27
Mt468,1903,fiscal_year_end,塾,學生數,25710.0,,11,28
Mt468,1903,fiscal_year_end,幼,校數,,missing_dot,11,29
Mt468,1903,fiscal_year_end,稚,教員數,,missing_dot,11,30
Mt468,1903,fiscal_year_end,園,學生數,,missing_dot,11,31
Mt468,1904,fiscal_year_end,大,校數,,missing_dot,12,2
Mt468,1904,fiscal_year_end,大,教員數,,missing_dot,12,3
Mt468,1904,fiscal_year_end,學,學生數,,missing_dot,12,4
Mt468,1904,fiscal_year_end,專門學校,校數,1.0,,12,5
Mt468,1904,fiscal_year_end,專門學校,教員數,20.0,,12,6
Mt468,1904,fiscal_year_end,專門學校,學生數,116.0,,12,7
Mt468,1904,fiscal_year_end,師範學校,校數,1.0,,12,8
Mt468,1904,fiscal_year_end,師範學校,教員數,38.0,,12,9
Mt468,1904,fiscal_year_end,師範學校,學生數,226.0,,12,10
Mt468,1904,fiscal_year_end,中等學校(2),校數,1.0,,12,11
Mt468,1904,fiscal_year_end,中等學校(2),教員數,12.0,,12,12
Mt468,1904,fiscal_year_end,中等學校(2),學生數,186.0,,12,13
Mt468,1904,fiscal_year_end,職業學校(3),校數,,missing_dot,12,14
Mt468,1904,fiscal_year_end,職業學校(3),教員數,,missing_dot,12,15
Mt468,1904,fiscal_year_end,職業學校(3),學生數,,missing_dot,12,16
Mt468,1904,fiscal_year_end,國民學校,校數,167.0,,12,17
Mt468,1904,fiscal_year_end,國民學校,教員數,696.0,,12,18
Mt468,1904,fiscal_year_end,國民學校,學生數,25730.0,,12,19
Mt468,1904,fiscal_year_end,盲啞學校,校數,,missing_dot,12,20
Mt468,1904,fiscal_year_end,盲啞學校,教員數,,missing_dot,12,21
Mt468,1904,fiscal_year_end,盲啞學校,學生數,,missing_dot,12,22
Mt468,1904,fiscal_year_end,特種學校,校數,6.0,,12,23
Mt468,1904,fiscal_year_end,特種學校,教員數,62.0,,12,24
Mt468,1904,fiscal_year_end,特種學校,學生數,338.0,,12,25
Mt468,1904,fiscal_year_end,私,校數,1080.0,,12,26
Mt468,1904,fiscal_year_end,私,教員數,1083.0,,12,27
Mt468,1904,fiscal_year_end,塾,學生數,21661.0,,12,28
Mt468,1904,fiscal_year_end,幼,校數,1.0,,12,29
Mt468,1904,fiscal_year_end,稚,教員數,1.0,,12,30
Mt468,1904,fiscal_year_end,園,學生數,42.0,,12,31
Mt468,1905,fiscal_year_end,大,校數,,missing_dot,13,2
Mt468,1905,fiscal_year_end,大,教員數,,missing_dot,13,3
Mt468,1905,fiscal_year_end,學,學生數,,missing_dot,13,4
Mt468,1905,fiscal_year_end,專門學校,校數,1.0,,13,5
Mt468,1905,fiscal_year_end,專門學校,教員數,22.0,,13,6
Mt468,1905,fiscal_year_end,專門學校,學生數,140.0,,13,7
Mt468,1905,fiscal_year_end,師範學校,校數,1.0,,13,8
Mt468,1905,fiscal_year_end,師範學校,教員數,39.0,,13,9
Mt468,1905,fiscal_year_end,師範學校,學生數,242.0,,13,10
Mt468,1905,fiscal_year_end,中等學校(2),校數,1.0,,13,11
Mt468,1905,fiscal_year_end,中等學校(2),教員數,14.0,,13,12
Mt468,1905,fiscal_year_end,中等學校(2),學生數,136.0,,13,13
Mt468,1905,fiscal_year_end,職業學校(3),校數,,missing_dot,13,14
Mt468,1905,fiscal_year_end,職業學校(3),教員數,,missing_dot,13,15
Mt468,1905,fiscal_year_end,職業學校(3),學生數,,missing_dot,13,16
Mt468,1905,fiscal_year_end,國民學校,校數,204.0,,13,17
Mt468,1905,fiscal_year_end,國民學校,教員數,800.0,,13,18
Mt468,1905,fiscal_year_end,國民學校,學生數,31221.0,,13,19
Mt468,1905,fiscal_year_end,盲啞學校,校數,,missing_dot,13,20
Mt468,1905,fiscal_year_end,盲啞學校,教員數,,missing_dot,13,21
Mt468,1905,fiscal_year_end,盲啞學校,學生數,,missing_dot,13,22
Mt468,1905,fiscal_year_end,特種學校,校數,6.0,,13,23
Mt468,1905,fiscal_year_end,特種學校,教員數,69.0,,13,24
Mt468,1905,fiscal_year_end,特種學校,學生數,294.0,,13,25
Mt468,1905,fiscal_year_end,私,校數,1055.0,,13,26
Mt468,1905,fiscal_year_end,私,教員數,1056.0,,13,27
Mt468,1905,fiscal_year_end,塾,學生數,19255.0,,13,28
Mt468,1905,fiscal_year_end,幼,校數,1.0,,13,29
Mt468,1905,fiscal_year_end,稚,教員數,3.0,,13,30
Mt468,1905,fiscal_year_end,園,學生數,86.0,,13,31
Mt468,1906,fiscal_year_end,大,校數,,missing_dot,14,2
Mt468,1906,fiscal_year_end,大,教員數,,missing_dot,14,3
Mt468,1906,fiscal_year_end,學,學生數,,missing_dot,14,4
Mt468,1906,fiscal_year_end,專門學校,校數,1.0,,14,5
Mt468,1906,fiscal_year_end,專門學校,教員數,20.0,,14,6
Mt468,1906,fiscal_year_end,專門學校,學生數,145.0,,14,7
Mt468,1906,fiscal_year_end,師範學校,校數,1.0,,14,8
Mt468,1906,fiscal_year_end,師範學校,教員數,41.0,,14,9
Mt468,1906,fiscal_year_end,師範學校,學生數,293.0,,14,10
Mt468,1906,fiscal_year_end,中等學校(2),校數,1.0,,14,11
Mt468,1906,fiscal_year_end,中等學校(2),教員數,12.0,,14,12
Mt468,1906,fiscal_year_end,中等學校(2),學生數,173.0,,14,13
Mt468,1906,fiscal_year_end,職業學校(3),校數,,missing_dot,14,14
Mt468,1906,fiscal_year_end,職業學校(3),教員數,,missing_dot,14,15
Mt468,1906,fiscal_year_end,職業學校(3),學生數,,missing_dot,14,16
Mt468,1906,fiscal_year_end,國民學校,校數,226.0,,14,17
Mt468,1906,fiscal_year_end,國民學校,教員數,878.0,,14,18
Mt468,1906,fiscal_year_end,國民學校,學生數,35975.0,,14,19
Mt468,1906,fiscal_year_end,盲啞學校,校數,,missing_dot,14,20
Mt468,1906,fiscal_year_end,盲啞學校,教員數,,missing_dot,14,21
Mt468,1906,fiscal_year_end,盲啞學校,學生數,,missing_dot,14,22
Mt468,1906,fiscal_year_end,特種學校,校數,13.0,,14,23
Mt468,1906,fiscal_year_end,特種學校,教員數,63.0,,14,24
Mt468,1906,fiscal_year_end,特種學校,學生數,508.0,,14,25
Mt468,1906,fiscal_year_end,私,校數,914.0,,14,26
Mt468,1906,fiscal_year_end,私,教員數,916.0,,14,27
Mt468,1906,fiscal_year_end,塾,學生數,19915.0,,14,28
Mt468,1906,fiscal_year_end,幼,校數,1.0,,14,29
Mt468,1906,fiscal_year_end,稚,教員數,2.0,,14,30
Mt468,1906,fiscal_year_end,園,學生數,78.0,,14,31
Mt468,1907,fiscal_year_end,大,校數,,missing_dot,15,2
Mt468,1907,fiscal_year_end,大,教員數,,missing_dot,15,3
Mt468,1907,fiscal_year_end,學,學生數,,missing_dot,15,4
Mt468,1907,fiscal_year_end,專門學校,校數,1.0,,15,5
Mt468,1907,fiscal_year_end,專門學校,教員數,21.0,,15,6
Mt468,1907,fiscal_year_end,專門學校,學生數,157.0,,15,7
Mt468,1907,fiscal_year_end,師範學校,校數,1.0,,15,8
Mt468,1907,fiscal_year_end,師範學校,教員數,27.0,,15,9
Mt468,1907,fiscal_year_end,師範學校,學生數,353.0,,15,10
Mt468,1907,fiscal_year_end,中等學校(2),校數,1.0,,15,11
Mt468,1907,fiscal_year_end,中等學校(2),教員數,12.0,,15,12
Mt468,1907,fiscal_year_end,中等學校(2),學生數,186.0,,15,13
Mt468,1907,fiscal_year_end,職業學校(3),校數,,missing_dot,15,14
Mt468,1907,fiscal_year_end,職業學校(3),教員數,,missing_dot,15,15
Mt468,1907,fiscal_year_end,職業學校(3),學生數,,missing_dot,15,16
Mt468,1907,fiscal_year_end,國民學校,校數,241.0,,15,17
Mt468,1907,fiscal_year_end,國民學校,教員數,923.0,,15,18
Mt468,1907,fiscal_year_end,國民學校,學生數,39094.0,,15,19
Mt468,1907,fiscal_year_end,盲啞學校,校數,,missing_dot,15,20
Mt468,1907,fiscal_year_end,盲啞學校,教員數,,missing_dot,15,21
Mt468,1907,fiscal_year_end,盲啞學校,學生數,,missing_dot,15,22
Mt468,1907,fiscal_year_end,特種學校,校數,12.0,,15,23
Mt468,1907,fiscal_year_end,特種學校,教員數,64.0,,15,24
Mt468,1907,fiscal_year_end,特種學校,學生數,543.0,,15,25
Mt468,1907,fiscal_year_end,私,校數,873.0,,15,26
Mt468,1907,fiscal_year_end,私,教員數,886.0,,15,27
Mt468,1907,fiscal_year_end,塾,學生數,18612.0,,15,28
Mt468,1907,fiscal_year_end,幼,校數,,missing_dot,15,29
Mt468,1907,fiscal_year_end,稚,教員數,,missing_dot,15,30
Mt468,1907,fiscal_year_end,園,學生數,,missing_dot,15,31
Mt468,1908,fiscal_year_end,大,校數,,missing_dot,16,2
Mt468,1908,fiscal_year_end,大,教員數,,missing_dot,16,3
Mt468,1908,fiscal_year_end,學,學生數,,missing_dot,16,4
Mt468,1908,fiscal_year_end,專門學校,校數,1.0,,16,5
Mt468,1908,fiscal_year_end,專門學校,教員數,21.0,,16,6
Mt468,1908,fiscal_year_end,專門學校,學生數,163.0,,16,7
Mt468,1908,fiscal_year_end,師範學校,校數,1.0,,16,8
Mt468,1908,fiscal_year_end,師範學校,教員數,26.0,,16,9
Mt468,1908,fiscal_year_end,師範學校,學生數,354.0,,16,10
Mt468,1908,fiscal_year_end,中等學校(2),校數,1.0,,16,11
Mt468,1908,fiscal_year_end,中等學校(2),教員數,13.0,,16,12
Mt468,1908,fiscal_year_end,中等學校(2),學生數,228.0,,16,13
Mt468,1908,fiscal_year_end,職業學校(3),校數,,missing_dot,16,14
Mt468,1908,fiscal_year_end,職業學校(3),教員數,,missing_dot,16,15
Mt468,1908,fiscal_year_end,職業學校(3),學生數,,missing_dot,16,16
Mt468,1908,fiscal_year_end,國民學校,校數,257.0,,16,17
Mt468,1908,fiscal_year_end,國民學校,教員數,1091.0,,16,18
Mt468,1908,fiscal_year_end,國民學校,學生數,42111.0,,16,19
Mt468,1908,fiscal_year_end,盲啞學校,校數,,missing_dot,16,20
Mt468,1908,fiscal_year_end,盲啞學校,教員數,,missing_dot,16,21
Mt468,1908,fiscal_year_end,盲啞學校,學生數,,missing_dot,16,22
Mt468,1908,fiscal_year_end,特種學校,校數,11.0,,16,23
Mt468,1908,fiscal_year_end,特種學校,教員數,62.0,,16,24
Mt468,1908,fiscal_year_end,特種學校,學生數,632.0,,16,25
Mt468,1908,fiscal_year_end,私,校數,630.0,,16,26
Mt468,1908,fiscal_year_end,私,教員數,647.0,,16,27
Mt468,1908,fiscal_year_end,塾,學生數,14782.0,,16,28
Mt468,1908,fiscal_year_end,幼,校數,2.0,,16,29
Mt468,1908,fiscal_year_end,稚,教員數,9.0,,16,30
Mt468,1908,fiscal_year_end,園,學生數,145.0,,16,31
Mt468,1909,fiscal_year_end,大,校數,,missing_dot,17,2
Mt468,1909,fiscal_year_end,大,教員數,,missing_dot,17,3
Mt468,1909,fiscal_year_end,學,學生數,,missing_dot,17,4
Mt468,1909,fiscal_year_end,專門學校,校數,1.0,,17,5
Mt468,1909,fiscal_year_end,專門學校,教員數,22.0,,17,6
Mt468,1909,fiscal_year_end,專門學校,學生數,174.0,,17,7
Mt468,1909,fiscal_year_end,師範學校,校數,1.0,,17,8
Mt468,1909,fiscal_year_end,師範學校,教員數,33.0,,17,9
Mt468,1909,fiscal_year_end,師範學校,學生數,387.0,,17,10
Mt468,1909,fiscal_year_end,中等學校(2),校數,1.0,,17,11
Mt468,1909,fiscal_year_end,中等學校(2),教員數,17.0,,17,12
Mt468,1909,fiscal_year_end,中等學校(2),學生數,243.0,,17,13
Mt468,1909,fiscal_year_end,職業學校(3),校數,,missing_dot,17,14
Mt468,1909,fiscal_year_end,職業學校(3),教員數,,missing_dot,17,15
Mt468,1909,fiscal_year_end,職業學校(3),學生數,,missing_dot,17,16
Mt468,1909,fiscal_year_end,國民學校,校數,276.0,,17,17
Mt468,1909,fiscal_year_end,國民學校,教員數,1189.0,,17,18
Mt468,1909,fiscal_year_end,國民學校,學生數,46062.0,,17,19
Mt468,1909,fiscal_year_end,盲啞學校,校數,,missing_dot,17,20
Mt468,1909,fiscal_year_end,盲啞學校,教員數,,missing_dot,17,21
Mt468,1909,fiscal_year_end,盲啞學校,學生數,,missing_dot,17,22
Mt468,1909,fiscal_year_end,特種學校,校數,11.0,,17,23
Mt468,1909,fiscal_year_end,特種學校,教員數,62.0,,17,24
Mt468,1909,fiscal_year_end,特種學校,學生數,735.0,,17,25
Mt468,1909,fiscal_year_end,私,校數,655.0,,17,26
Mt468,1909,fiscal_year_end,私,教員數,669.0,,17,27
Mt468,1909,fiscal_year_end,塾,學生數,17101.0,,17,28
Mt468,1909,fiscal_year_end,幼,校數,2.0,,17,29
Mt468,1909,fiscal_year_end,稚,教員數,7.0,,17,30
Mt468,1909,fiscal_year_end,園,學生數,144.0,,17,31
Mt468,1910,fiscal_year_end,大,校數,,missing_dot,18,2
Mt468,1910,fiscal_year_end,大,教員數,,missing_dot,18,3
Mt468,1910,fiscal_year_end,學,學生數,,missing_dot,18,4
Mt468,1910,fiscal_year_end,專門學校,校數,1.0,,18,5
Mt468,1910,fiscal_year_end,專門學校,教員數,26.0,,18,6
Mt468,1910,fiscal_year_end,專門學校,學生數,194.0,,18,7
Mt468,1910,fiscal_year_end,師範學校,校數,1.0,,18,8
Mt468,1910,fiscal_year_end,師範學校,教員數,36.0,,18,9
Mt468,1910,fiscal_year_end,師範學校,學生數,443.0,,18,10
Mt468,1910,fiscal_year_end,中等學校(2),校數,1.0,,18,11
Mt468,1910,fiscal_year_end,中等學校(2),教員數,19.0,,18,12
Mt468,1910,fiscal_year_end,中等學校(2),學生數,266.0,,18,13
Mt468,1910,fiscal_year_end,職業學校(3),校數,,missing_dot,18,14
Mt468,1910,fiscal_year_end,職業學校(3),教員數,,missing_dot,18,15
Mt468,1910,fiscal_year_end,職業學校(3),學生數,,missing_dot,18,16
Mt468,1910,fiscal_year_end,國民學校,校數,291.0,,18,17
Mt468,1910,fiscal_year_end,國民學校,教員數,1287.0,,18,18
Mt468,1910,fiscal_year_end,國民學校,學生數,49556.0,,18,19
Mt468,1910,fiscal_year_end,盲啞學校,校數,,missing_dot,18,20
Mt468,1910,fiscal_year_end,盲啞學校,教員數,,missing_dot,18,21
Mt468,1910,fiscal_year_end,盲啞學校,學生數,,missing_dot,18,22
Mt468,1910,fiscal_year_end,特種學校,校數,12.0,,18,23
Mt468,1910,fiscal_year_end,特種學校,教員數,71.0,,18,24
Mt468,1910,fiscal_year_end,特種學校,學生數,742.0,,18,25
Mt468,1910,fiscal_year_end,私,校數,567.0,,18,26
Mt468,1910,fiscal_year_end,私,教員數,576.0,,18,27
Mt468,1910,fiscal_year_end,塾,學生數,15811.0,,18,28
Mt468,1910,fiscal_year_end,幼,校數,3.0,,18,29
Mt468,1910,fiscal_year_end,稚,教員數,8.0,,18,30
Mt468,1910,fiscal_year_end,園,學生數,195.0,,18,31
Mt468,1911,fiscal_year_end,大,校數,,missing_dot,19,2
Mt468,1911,fiscal_year_end,大,教員數,,missing_dot,19,3
Mt468,1911,fiscal_year_end,學,學生數,,missing_dot,19,4
Mt468,1911,fiscal_year_end,專門學校,校數,1.0,,19,5
Mt468,1911,fiscal_year_end,專門學校,教員數,23.0,,19,6
Mt468,1911,fiscal_year_end,專門學校,學生數,204.0,,19,7
Mt468,1911,fiscal_year_end,師範學校,校數,1.0,,19,8
Mt468,1911,fiscal_year_end,師範學校,教員數,37.0,,19,9
Mt468,1911,fiscal_year_end,師範學校,學生數,464.0,,19,10
Mt468,1911,fiscal_year_end,中等學校(2),校數,2.0,,19,11
Mt468,1911,fiscal_year_end,中等學校(2),教員數,64.0,,19,12
Mt468,1911,fiscal_year_end,中等學校(2),學生數,819.0,,19,13
Mt468,1911,fiscal_year_end,職業學校(3),校數,,missing_dot,19,14
Mt468,1911,fiscal_year_end,職業學校(3),教員數,,missing_dot,19,15
Mt468,1911,fiscal_year_end,職業學校(3),學生數,,missing_dot,19,16
Mt468,1911,fiscal_year_end,國民學校,校數,316.0,,19,17
Mt468,1911,fiscal_year_end,國民學校,教員數,1476.0,,19,18
Mt468,1911,fiscal_year_end,國民學校,學生數,54198.0,,19,19
Mt468,1911,fiscal_year_end,盲啞學校,校數,,missing_dot,19,20
Mt468,1911,fiscal_year_end,盲啞學校,教員數,,missing_dot,19,21
Mt468,1911,fiscal_year_end,盲啞學校,學生數,,missing_dot,19,22
Mt468,1911,fiscal_year_end,特種學校,校數,12.0,,19,23
Mt468,1911,fiscal_year_end,特種學校,教員數,84.0,,19,24
Mt468,1911,fiscal_year_end,特種學校,學生數,785.0,,19,25
Mt468,1911,fiscal_year_end,私,校數,548.0,,19,26
Mt468,1911,fiscal_year_end,私,教員數,560.0,,19,27
Mt468,1911,fiscal_year_end,塾,學生數,15759.0,,19,28
Mt468,1911,fiscal_year_end,幼,校數,3.0,,19,29
Mt468,1911,fiscal_year_end,稚,教員數,7.0,,19,30
Mt468,1911,fiscal_year_end,園,學生數,235.0,,19,31
Mt468,1912,fiscal_year_end,大,校數,,missing_dot,20,2
Mt468,1912,fiscal_year_end,大,教員數,,missing_dot,20,3
Mt468,1912,fiscal_year_end,學,學生數,,missing_dot,20,4
Mt468,1912,fiscal_year_end,專門學校,校數,1.0,,20,5
Mt468,1912,fiscal_year_end,專門學校,教員數,23.0,,20,6
Mt468,1912,fiscal_year_end,專門學校,學生數,210.0,,20,7
Mt468,1912,fiscal_year_end,師範學校,校數,1.0,,20,8
Mt468,1912,fiscal_year_end,師範學校,教員數,40.0,,20,9
Mt468,1912,fiscal_year_end,師範學校,學生數,531.0,,20,10
Mt468,1912,fiscal_year_end,中等學校(2),校數,2.0,,20,11
Mt468,1912,fiscal_year_end,中等學校(2),教員數,66.0,,20,12
Mt468,1912,fiscal_year_end,中等學校(2),學生數,901.0,,20,13
Mt468,1912,fiscal_year_end,職業學校(3),校數,1.0,,20,14
Mt468,1912,fiscal_year_end,職業學校(3),教員數,11.0,,20,15
Mt468,1912,fiscal_year_end,職業學校(3),學生數,58.0,,20,16
Mt468,1912,fiscal_year_end,國民學校,校數,339.0,,20,17
Mt468,1912,fiscal_year_end,國民學校,教員數,1661.0,,20,18
Mt468,1912,fiscal_year_end,國民學校,學生數,60520.0,,20,19
Mt468,1912,fiscal_year_end,盲啞學校,校數,,missing_dot,20,20
Mt468,1912,fiscal_year_end,盲啞學校,教員數,,missing_dot,20,21
Mt468,1912,fiscal_year_end,盲啞學校,學生數,,missing_dot,20,22
Mt468,1912,fiscal_year_end,特種學校,校數,12.0,,20,23
Mt468,1912,fiscal_year_end,特種學校,教員數,86.0,,20,24
Mt468,1912,fiscal_year_end,特種學校,學生數,882.0,,20,25
Mt468,1912,fiscal_year_end,私,校數,541.0,,20,26
Mt468,1912,fiscal_year_end,私,教員數,555.0,,20,27
Mt468,1912,fiscal_year_end,塾,學生數,16302.0,,20,28
Mt468,1912,fiscal_year_end,幼,校數,3.0,,20,29
Mt468,1912,fiscal_year_end,稚,教員數,5.0,,20,30
Mt468,1912,fiscal_year_end,園,學生數,193.0,,20,31
Mt468,1913,fiscal_year_end,大,校數,,missing_dot,21,2
Mt468,1913,fiscal_year_end,大,教員數,,missing_dot,21,3
Mt468,1913,fiscal_year_end,學,學生數,,missing_dot,21,4
Mt468,1913,fiscal_year_end,專門學校,校數,1.0,,21,5
Mt468,1913,fiscal_year_end,專門學校,教員數,23.0,,21,6
Mt468,1913,fiscal_year_end,專門學校,學生數,207.0,,21,7
Mt468,1913,fiscal_year_end,師範學校,校數,1.0,,21,8
Mt468,1913,fiscal_year_end,師範學校,教員數,45.0,,21,9
Mt468,1913,fiscal_year_end,師範學校,學生數,634.0,,21,10
Mt468,1913,fiscal_year_end,中等學校(2),校數,2.0,,21,11
Mt468,1913,fiscal_year_end,中等學校(2),教員數,66.0,,21,12
Mt468,1913,fiscal_year_end,中等學校(2),學生數,964.0,,21,13
Mt468,1913,fiscal_year_end,職業學校(3),校數,1.0,,21,14
Mt468,1913,fiscal_year_end,職業學校(3),教員數,17.0,,21,15
Mt468,1913,fiscal_year_end,職業學校(3),學生數,116.0,,21,16
Mt468,1913,fiscal_year_end,國民學校,校數,374.0,,21,17
Mt468,1913,fiscal_year_end,國民學校,教員數,1792.0,,21,18
Mt468,1913,fiscal_year_end,國民學校,學生數,67288.0,,21,19
Mt468,1913,fiscal_year_end,盲啞學校,校數,,missing_dot,21,20
Mt468,1913,fiscal_year_end,盲啞學校,教員數,,missing_dot,21,21
Mt468,1913,fiscal_year_end,盲啞學校,學生數,,missing_dot,21,22
Mt468,1913,fiscal_year_end,特種學校,校數,13.0,,21,23
Mt468,1913,fiscal_year_end,特種學校,教員數,97.0,,21,24
Mt468,1913,fiscal_year_end,特種學校,學生數,832.0,,21,25
Mt468,1913,fiscal_year_end,私,校數,576.0,,21,26
Mt468,1913,fiscal_year_end,私,教員數,589.0,,21,27
Mt468,1913,fiscal_year_end,塾,學生數,17284.0,,21,28
Mt468,1913,fiscal_year_end,幼,校數,2.0,,21,29
Mt468,1913,fiscal_year_end,稚,教員數,4.0,,21,30
Mt468,1913,fiscal_year_end,園,學生數,137.0,,21,31
Mt468,1914,fiscal_year_end,大,校數,,missing_dot,22,2
Mt468,1914,fiscal_year_end,大,教員數,,missing_dot,22,3
Mt468,1914,fiscal_year_end,學,學生數,,missing_dot,22,4
Mt468,1914,fiscal_year_end,專門學校,校數,1.0,,22,5
Mt468,1914,fiscal_year_end,專門學校,教員數,25.0,,22,6
Mt468,1914,fiscal_year_end,專門學校,學生數,213.0,,22,7
Mt468,1914,fiscal_year_end,師範學校,校數,1.0,,22,8
Mt468,1914,fiscal_year_end,師範學校,教員數,44.0,,22,9
Mt468,1914,fiscal_year_end,師範學校,學生數,695.0,,22,10
Mt468,1914,fiscal_year_end,中等學校(2),校數,3.0,,22,11
Mt468,1914,fiscal_year_end,中等學校(2),教員數,72.0,,22,12
Mt468,1914,fiscal_year_end,中等學校(2),學生數,1186.0,,22,13
Mt468,1914,fiscal_year_end,職業學校(3),校數,1.0,,22,14
Mt468,1914,fiscal_year_end,職業學校(3),教員數,22.0,,22,15
Mt468,1914,fiscal_year_end,職業學校(3),學生數,170.0,,22,16
Mt468,1914,fiscal_year_end,國民學校,校數,401.0,,22,17
Mt468,1914,fiscal_year_end,國民學校,教員數,2003.0,,22,18
Mt468,1914,fiscal_year_end,國民學校,學生數,74561.0,,22,19
Mt468,1914,fiscal_year_end,盲啞學校,校數,,missing_dot,22,20
Mt468,1914,fiscal_year_end,盲啞學校,教員數,,missing_dot,22,21
Mt468,1914,fiscal_year_end,盲啞學校,學生數,,missing_dot,22,22
Mt468,1914,fiscal_year_end,特種學校,校數,13.0,,22,23
Mt468,1914,fiscal_year_end,特種學校,教員數,91.0,,22,24
Mt468,1914,fiscal_year_end,特種學校,學生數,924.0,,22,25
Mt468,1914,fiscal_year_end,私,校數,638.0,,22,26
Mt468,1914,fiscal_year_end,私,教員數,648.0,,22,27
Mt468,1914,fiscal_year_end,塾,學生數,19257.0,,22,28
Mt468,1914,fiscal_year_end,幼,校數,2.0,,22,29
Mt468,1914,fiscal_year_end,稚,教員數,6.0,,22,30
Mt468,1914,fiscal_year_end,園,學生數,130.0,,22,31
Mt468,1915,fiscal_year_end,大,校數,,missing_dot,23,2
Mt468,1915,fiscal_year_end,大,教員數,,missing_dot,23,3
Mt468,1915,fiscal_year_end,學,學生數,,missing_dot,23,4
Mt468,1915,fiscal_year_end,專門學校,校數,1.0,,23,5
Mt468,1915,fiscal_year_end,專門學校,教員數,29.0,,23,6
Mt468,1915,fiscal_year_end,專門學校,學生數,205.0,,23,7
Mt468,1915,fiscal_year_end,師範學校,校數,1.0,,23,8
Mt468,1915,fiscal_year_end,師範學校,教員數,50.0,,23,9
Mt468,1915,fiscal_year_end,師範學校,學生數,764.0,,23,10
Mt468,1915,fiscal_year_end,中等學校(2),校數,3.0,,23,11
Mt468,1915,fiscal_year_end,中等學校(2),教員數,76.0,,23,12
Mt468,1915,fiscal_year_end,中等學校(2),學生數,1357.0,,23,13
Mt468,1915,fiscal_year_end,職業學校(3),校數,1.0,,23,14
Mt468,1915,fiscal_year_end,職業學校(3),教員數,23.0,,23,15
Mt468,1915,fiscal_year_end,職業學校(3),學生數,168.0,,23,16
Mt468,1915,fiscal_year_end,國民學校,校數,420.0,,23,17
Mt468,1915,fiscal_year_end,國民學校,教員數,2166.0,,23,18
Mt468,1915,fiscal_year_end,國民學校,學生數,81879.0,,23,19
Mt468,1915,fiscal_year_end,盲啞學校,校數,,missing_dot,23,20
Mt468,1915,fiscal_year_end,盲啞學校,教員數,,missing_dot,23,21
Mt468,1915,fiscal_year_end,盲啞學校,學生數,,missing_dot,23,22
Mt468,1915,fiscal_year_end,特種學校,校數,13.0,,23,23
Mt468,1915,fiscal_year_end,特種學校,教員數,88.0,,23,24
Mt468,1915,fiscal_year_end,特種學校,學生數,974.0,,23,25
Mt468,1915,fiscal_year_end,私,校數,599.0,,23,26
Mt468,1915,fiscal_year_end,私,教員數,609.0,,23,27
Mt468,1915,fiscal_year_end,塾,學生數,18000.0,,23,28
Mt468,1915,fiscal_year_end,幼,校數,4.0,,23,29
Mt468,1915,fiscal_year_end,稚,教員數,8.0,,23,30
Mt468,1915,fiscal_year_end,園,學生數,203.0,,23,31
Mt468,1916,fiscal_year_end,大,校數,,missing_dot,24,2
Mt468,1916,fiscal_year_end,大,教員數,,missing_dot,24,3
Mt468,1916,fiscal_year_end,學,學生數,,missing_dot,24,4
Mt468,1916,fiscal_year_end,專門學校,校數,1.0,,24,5
Mt468,1916,fiscal_year_end,專門學校,教員數,26.0,,24,6
Mt468,1916,fiscal_year_end,專門學校,學生數,221.0,,24,7
Mt468,1916,fiscal_year_end,師範學校,校數,1.0,,24,8
Mt468,1916,fiscal_year_end,師範學校,教員數,49.0,,24,9
Mt468,1916,fiscal_year_end,師範學校,學生數,802.0,,24,10
Mt468,1916,fiscal_year_end,中等學校(2),校數,3.0,,24,11
Mt468,1916,fiscal_year_end,中等學校(2),教員數,74.0,,24,12
Mt468,1916,fiscal_year_end,中等學校(2),學生數,1440.0,,24,13
Mt468,1916,fiscal_year_end,職業學校(3),校數,1.0,,24,14
Mt468,1916,fiscal_year_end,職業學校(3),教員數,23.0,,24,15
Mt468,1916,fiscal_year_end,職業學校(3),學生數,166.0,,24,16
Mt468,1916,fiscal_year_end,國民學校,校數,445.0,,24,17
Mt468,1916,fiscal_year_end,國民學校,教員數,2428.0,,24,18
Mt468,1916,fiscal_year_end,國民學校,學生數,92926.0,,24,19
Mt468,1916,fiscal_year_end,盲啞學校,校數,,missing_dot,24,20
Mt468,1916,fiscal_year_end,盲啞學校,教員數,,missing_dot,24,21
Mt468,1916,fiscal_year_end,盲啞學校,學生數,,missing_dot,24,22
Mt468,1916,fiscal_year_end,特種學校,校數,14.0,,24,23
Mt468,1916,fiscal_year_end,特種學校,教員數,106.0,,24,24
Mt468,1916,fiscal_year_end,特種學校,學生數,1117.0,,24,25
Mt468,1916,fiscal_year_end,私,校數,584.0,,24,26
Mt468,1916,fiscal_year_end,私,教員數,660.0,,24,27
Mt468,1916,fiscal_year_end,塾,學生數,19320.0,,24,28
Mt468,1916,fiscal_year_end,幼,校數,9.0,,24,29
Mt468,1916,fiscal_year_end,稚,教員數,18.0,,24,30
Mt468,1916,fiscal_year_end,園,學生數,508.0,,24,31
Mt468,1917,fiscal_year_end,大,校數,,missing_dot,25,2
Mt468,1917,fiscal_year_end,大,教員數,,missing_dot,25,3
Mt468,1917,fiscal_year_end,學,學生數,,missing_dot,25,4
Mt468,1917,fiscal_year_end,專門學校,校數,1.0,,25,5
Mt468,1917,fiscal_year_end,專門學校,教員數,37.0,,25,6
Mt468,1917,fiscal_year_end,專門學校,學生數,222.0,,25,7
Mt468,1917,fiscal_year_end,師範學校,校數,1.0,,25,8
Mt468,1917,fiscal_year_end,師範學校,教員數,49.0,,25,9
Mt468,1917,fiscal_year_end,師範學校,學生數,824.0,,25,10
Mt468,1917,fiscal_year_end,中等學校(2),校數,4.0,,25,11
Mt468,1917,fiscal_year_end,中等學校(2),教員數,86.0,,25,12
Mt468,1917,fiscal_year_end,中等學校(2),學生數,1637.0,,25,13
Mt468,1917,fiscal_year_end,職業學校(3),校數,2.0,,25,14
Mt468,1917,fiscal_year_end,職業學校(3),教員數,40.0,,25,15
Mt468,1917,fiscal_year_end,職業學校(3),學生數,248.0,,25,16
Mt468,1917,fiscal_year_end,國民學校,校數,472.0,,25,17
Mt468,1917,fiscal_year_end,國民學校,教員數,2882.0,,25,18
Mt468,1917,fiscal_year_end,國民學校,學生數,107092.0,,25,19
Mt468,1917,fiscal_year_end,盲啞學校,校數,,missing_dot,25,20
Mt468,1917,fiscal_year_end,盲啞學校,教員數,,missing_dot,25,21
Mt468,1917,fiscal_year_end,盲啞學校,學生數,,missing_dot,25,22
Mt468,1917,fiscal_year_end,特種學校,校數,19.0,,25,23
Mt468,1917,fiscal_year_end,特種學校,教員數,188.0,,25,24
Mt468,1917,fiscal_year_end,特種學校,學生數,1589.0,,25,25
Mt468,1917,fiscal_year_end,私,校數,533.0,,25,26
Mt468,1917,fiscal_year_end,私,教員數,593.0,,25,27
Mt468,1917,fiscal_year_end,塾,學生數,17641.0,,25,28
Mt468,1917,fiscal_year_end,幼,校數,12.0,,25,29
Mt468,1917,fiscal_year_end,稚,教員數,23.0,,25,30
Mt468,1917,fiscal_year_end,園,學生數,654.0,,25,31
Mt468,1918,fiscal_year_end,大,校數,,missing_dot,26,2
Mt468,1918,fiscal_year_end,大,教員數,,missing_dot,26,3
Mt468,1918,fiscal_year_end,學,學生數,,missing_dot,26,4
Mt468,1918,fiscal_year_end,專門學校,校數,1.0,,26,5
Mt468,1918,fiscal_year_end,專門學校,教員數,49.0,,26,6
Mt468,1918,fiscal_year_end,專門學校,學生數,250.0,,26,7
Mt468,1918,fiscal_year_end,師範學校,校數,2.0,,26,8
Mt468,1918,fiscal_year_end,師範學校,教員數,57.0,,26,9
Mt468,1918,fiscal_year_end,師範學校,學生數,908.0,,26,10
Mt468,1918,fiscal_year_end,中等學校(2),校數,4.0,,26,11
Mt468,1918,fiscal_year_end,中等學校(2),教員數,90.0,,26,12
Mt468,1918,fiscal_year_end,中等學校(2),學生數,1843.0,,26,13
Mt468,1918,fiscal_year_end,職業學校(3),校數,3.0,,26,14
Mt468,1918,fiscal_year_end,職業學校(3),教員數,54.0,,26,15
Mt468,1918,fiscal_year_end,職業學校(3),學生數,393.0,,26,16
Mt468,1918,fiscal_year_end,國民學校,校數,541.0,,26,17
Mt468,1918,fiscal_year_end,國民學校,教員數,3391.0,,26,18
Mt468,1918,fiscal_year_end,國民學校,學生數,128436.0,,26,19
Mt468,1918,fiscal_year_end,盲啞學校,校數,,missing_dot,26,20
Mt468,1918,fiscal_year_end,盲啞學校,教員數,,missing_dot,26,21
Mt468,1918,fiscal_year_end,盲啞學校,學生數,,missing_dot,26,22
Mt468,1918,fiscal_year_end,特種學校,校數,19.0,,26,23
Mt468,1918,fiscal_year_end,特種學校,教員數,230.0,,26,24
Mt468,1918,fiscal_year_end,特種學校,學生數,1706.0,,26,25
Mt468,1918,fiscal_year_end,私,校數,385.0,,26,26
Mt468,1918,fiscal_year_end,私,教員數,452.0,,26,27
Mt468,1918,fiscal_year_end,塾,學生數,13314.0,,26,28
Mt468,1918,fiscal_year_end,幼,校數,14.0,,26,29
Mt468,1918,fiscal_year_end,稚,教員數,27.0,,26,30
Mt468,1918,fiscal_year_end,園,學生數,822.0,,26,31
Mt468,1919,fiscal_year_end,大,校數,,missing_dot,27,2
Mt468,1919,fiscal_year_end,大,教員數,,missing_dot,27,3
Mt468,1919,fiscal_year_end,學,學生數,,missing_dot,27,4
Mt468,1919,fiscal_year_end,專門學校,校數,3.0,,27,5
Mt468,1919,fiscal_year_end,專門學校,教員數,80.0,,27,6
Mt468,1919,fiscal_year_end,專門學校,學生數,391.0,,27,7
Mt468,1919,fiscal_year_end,師範學校,校數,2.0,,27,8
Mt468,1919,fiscal_year_end,師範學校,教員數,69.0,,27,9
Mt468,1919,fiscal_year_end,師範學校,學生數,1219.0,,27,10
Mt468,1919,fiscal_year_end,中等學校(2),校數,6.0,,27,11
Mt468,1919,fiscal_year_end,中等學校(2),教員數,122.0,,27,12
Mt468,1919,fiscal_year_end,中等學校(2),學生數,2030.0,,27,13
Mt468,1919,fiscal_year_end,職業學校(3),校數,5.0,,27,14
Mt468,1919,fiscal_year_end,職業學校(3),教員數,68.0,,27,15
Mt468,1919,fiscal_year_end,職業學校(3),學生數,677.0,,27,16
Mt468,1919,fiscal_year_end,國民學校,校數,565.0,,27,17
Mt468,1919,fiscal_year_end,國民學校,教員數,4049.0,,27,18
Mt468,1919,fiscal_year_end,國民學校,學生數,147628.0,,27,19
Mt468,1919,fiscal_year_end,盲啞學校,校數,,missing_dot,27,20
Mt468,1919,fiscal_year_end,盲啞學校,教員數,,missing_dot,27,21
Mt468,1919,fiscal_year_end,盲啞學校,學生數,,missing_dot,27,22
Mt468,1919,fiscal_year_end,特種學校,校數,21.0,,27,23
Mt468,1919,fiscal_year_end,特種學校,教員數,245.0,,27,24
Mt468,1919,fiscal_year_end,特種學校,學生數,2169.0,,27,25
Mt468,1919,fiscal_year_end,私,校數,301.0,,27,26
Mt468,1919,fiscal_year_end,私,教員數,350.0,,27,27
Mt468,1919,fiscal_year_end,塾,學生數,10936.0,,27,28
Mt468,1919,fiscal_year_end,幼,校數,15.0,,27,29
Mt468,1919,fiscal_year_end,稚,教員數,34.0,,27,30
Mt468,1919,fiscal_year_end,園,學生數,901.0,,27,31
Mt468,1920,fiscal_year_end,大,校數,,missing_dot,28,2
Mt468,1920,fiscal_year_end,大,教員數,,missing_dot,28,3
Mt468,1920,fiscal_year_end,學,學生數,,missing_dot,28,4
Mt468,1920,fiscal_year_end,專門學校,校數,3.0,,28,5
Mt468,1920,fiscal_year_end,專門學校,教員數,119.0,,28,6
Mt468,1920,fiscal_year_end,專門學校,學生數,508.0,,28,7
Mt468,1920,fiscal_year_end,師範學校,校數,2.0,,28,8
Mt468,1920,fiscal_year_end,師範學校,教員數,76.0,,28,9
Mt468,1920,fiscal_year_end,師範學校,學生數,1188.0,,28,10
Mt468,1920,fiscal_year_end,中等學校(2),校數,6.0,,28,11
Mt468,1920,fiscal_year_end,中等學校(2),教員數,134.0,,28,12
Mt468,1920,fiscal_year_end,中等學校(2),學生數,2279.0,,28,13
Mt468,1920,fiscal_year_end,職業學校(3),校數,5.0,,28,14
Mt468,1920,fiscal_year_end,職業學校(3),教員數,89.0,,28,15
Mt468,1920,fiscal_year_end,職業學校(3),學生數,857.0,,28,16
Mt468,1920,fiscal_year_end,國民學校,校數,625.0,,28,17
Mt468,1920,fiscal_year_end,國民學校,教員數,4718.0,,28,18
Mt468,1920,fiscal_year_end,國民學校,學生數,175596.0,,28,19
Mt468,1920,fiscal_year_end,盲啞學校,校數,,missing_dot,28,20
Mt468,1920,fiscal_year_end,盲啞學校,教員數,,missing_dot,28,21
Mt468,1920,fiscal_year_end,盲啞學校,學生數,,missing_dot,28,22
Mt468,1920,fiscal_year_end,特種學校,校數,22.0,,28,23
Mt468,1920,fiscal_year_end,特種學校,教員數,232.0,,28,24
Mt468,1920,fiscal_year_end,特種學校,學生數,2444.0,,28,25
Mt468,1920,fiscal_year_end,私,校數,225.0,,28,26
Mt468,1920,fiscal_year_end,私,教員數,252.0,,28,27
Mt468,1920,fiscal_year_end,塾,學生數,7639.0,,28,28
Mt468,1920,fiscal_year_end,幼,校數,19.0,,28,29
Mt468,1920,fiscal_year_end,稚,教員數,36.0,,28,30
Mt468,1920,fiscal_year_end,園,學生數,1279.0,,28,31
Mt468,1921,fiscal_year_end,大,校數,,missing_dot,29,2
Mt468,1921,fiscal_year_end,大,教員數,,missing_dot,29,3
Mt468,1921,fiscal_year_end,學,學生數,,missing_dot,29,4
Mt468,1921,fiscal_year_end,專門學校,校數,3.0,,29,5
Mt468,1921,fiscal_year_end,專門學校,教員數,128.0,,29,6
Mt468,1921,fiscal_year_end,專門學校,學生數,707.0,,29,7
Mt468,1921,fiscal_year_end,師範學校,校數,2.0,,29,8
Mt468,1921,fiscal_year_end,師範學校,教員數,98.0,,29,9
Mt468,1921,fiscal_year_end,師範學校,學生數,1569.0,,29,10
Mt468,1921,fiscal_year_end,中等學校(2),校數,6.0,,29,11
Mt468,1921,fiscal_year_end,中等學校(2),教員數,205.0,,29,12
Mt468,1921,fiscal_year_end,中等學校(2),學生數,3381.0,,29,13
Mt468,1921,fiscal_year_end,職業學校(3),校數,5.0,,29,14
Mt468,1921,fiscal_year_end,職業學校(3),教員數,108.0,,29,15
Mt468,1921,fiscal_year_end,職業學校(3),學生數,1127.0,,29,16
Mt468,1921,fiscal_year_end,國民學校,校數,661.0,,29,17
Mt468,1921,fiscal_year_end,國民學校,教員數,5464.0,,29,18
Mt468,1921,fiscal_year_end,國民學校,學生數,199874.0,,29,19
Mt468,1921,fiscal_year_end,盲啞學校,校數,,missing_dot,29,20
Mt468,1921,fiscal_year_end,盲啞學校,教員數,,missing_dot,29,21
Mt468,1921,fiscal_year_end,盲啞學校,學生數,,missing_dot,29,22
Mt468,1921,fiscal_year_end,特種學校,校數,20.0,,29,23
Mt468,1921,fiscal_year_end,特種學校,教員數,267.0,,29,24
Mt468,1921,fiscal_year_end,特種學校,學生數,2659.0,,29,25
Mt468,1921,fiscal_year_end,私,校數,197.0,,29,26
Mt468,1921,fiscal_year_end,私,教員數,221.0,,29,27
Mt468,1921,fiscal_year_end,塾,學生數,6962.0,,29,28
Mt468,1921,fiscal_year_end,幼,校數,27.0,,29,29
Mt468,1921,fiscal_year_end,稚,教員數,53.0,,29,30
Mt468,1921,fiscal_year_end,園,學生數,1156.0,,29,31
Mt468,1922,fiscal_year_end,大,校數,,missing_dot,30,2
Mt468,1922,fiscal_year_end,大,教員數,,missing_dot,30,3
Mt468,1922,fiscal_year_end,學,學生數,,missing_dot,30,4
Mt468,1922,fiscal_year_end,專門學校,校數,3.0,,30,5
Mt468,1922,fiscal_year_end,專門學校,教員數,117.0,,30,6
Mt468,1922,fiscal_year_end,專門學校,學生數,676.0,,30,7
Mt468,1922,fiscal_year_end,師範學校,校數,2.0,,30,8
Mt468,1922,fiscal_year_end,師範學校,教員數,84.0,,30,9
Mt468,1922,fiscal_year_end,師範學校,學生數,1668.0,,30,10
Mt468,1922,fiscal_year_end,中等學校(2),校數,17.0,,30,11
Mt468,1922,fiscal_year_end,中等學校(2),教員數,259.0,,30,12
Mt468,1922,fiscal_year_end,中等學校(2),學生數,4286.0,,30,13
Mt468,1922,fiscal_year_end,職業學校(3),校數,13.0,,30,14
Mt468,1922,fiscal_year_end,職業學校(3),教員數,150.0,,30,15
Mt468,1922,fiscal_year_end,職業學校(3),學生數,1636.0,,30,16
Mt468,1922,fiscal_year_end,國民學校,校數,725.0,,30,17
Mt468,1922,fiscal_year_end,國民學校,教員數,5702.0,,30,18
Mt468,1922,fiscal_year_end,國民學校,學生數,223035.0,,30,19
Mt468,1922,fiscal_year_end,盲啞學校,校數,2.0,,30,20
Mt468,1922,fiscal_year_end,盲啞學校,教員數,20.0,,30,21
Mt468,1922,fiscal_year_end,盲啞學校,學生數,190.0,,30,22
Mt468,1922,fiscal_year_end,特種學校,校數,16.0,,30,23
Mt468,1922,fiscal_year_end,特種學校,教員數,197.0,,30,24
Mt468,1922,fiscal_year_end,特種學校,學生數,2431.0,,30,25
Mt468,1922,fiscal_year_end,私,校數,94.0,,30,26
Mt468,1922,fiscal_year_end,私,教員數,118.0,,30,27
Mt468,1922,fiscal_year_end,塾,學生數,3664.0,,30,28
Mt468,1922,fiscal_year_end,幼,校數,28.0,,30,29
Mt468,1922,fiscal_year_end,稚,教員數,58.0,,30,30
Mt468,1922,fiscal_year_end,園,學生數,1339.0,,30,31
Mt468,1923,fiscal_year_end,大,校數,,missing_dot,31,2
Mt468,1923,fiscal_year_end,大,教員數,,missing_dot,31,3
Mt468,1923,fiscal_year_end,學,學生數,,missing_dot,31,4
Mt468,1923,fiscal_year_end,專門學校,校數,3.0,,31,5
Mt468,1923,fiscal_year_end,專門學校,教員數,130.0,,31,6
Mt468,1923,fiscal_year_end,專門學校,學生數,687.0,,31,7
Mt468,1923,fiscal_year_end,師範學校,校數,3.0,,31,8
Mt468,1923,fiscal_year_end,師範學校,教員數,95.0,,31,9
Mt468,1923,fiscal_year_end,師範學校,學生數,1705.0,,31,10
Mt468,1923,fiscal_year_end,中等學校(2),校數,17.0,,31,11
Mt468,1923,fiscal_year_end,中等學校(2),教員數,329.0,,31,12
Mt468,1923,fiscal_year_end,中等學校(2),學生數,5332.0,,31,13
Mt468,1923,fiscal_year_end,職業學校(3),校數,12.0,,31,14
Mt468,1923,fiscal_year_end,職業學校(3),教員數,142.0,,31,15
Mt468,1923,fiscal_year_end,職業學校(3),學生數,1749.0,,31,16
Mt468,1923,fiscal_year_end,國民學校,校數,849.0,,31,17
Mt468,1923,fiscal_year_end,國民學校,教員數,5873.0,,31,18
Mt468,1923,fiscal_year_end,國民學校,學生數,238574.0,,31,19
Mt468,1923,fiscal_year_end,盲啞學校,校數,2.0,,31,20
Mt468,1923,fiscal_year_end,盲啞學校,教員數,13.0,,31,21
Mt468,1923,fiscal_year_end,盲啞學校,學生數,196.0,,31,22
Mt468,1923,fiscal_year_end,特種學校,校數,17.0,,31,23
Mt468,1923,fiscal_year_end,特種學校,教員數,240.0,,31,24
Mt468,1923,fiscal_year_end,特種學校,學生數,2415.0,,31,25
Mt468,1923,fiscal_year_end,私,校數,122.0,,31,26
Mt468,1923,fiscal_year_end,私,教員數,175.0,,31,27
Mt468,1923,fiscal_year_end,塾,學生數,5283.0,,31,28
Mt468,1923,fiscal_year_end,幼,校數,33.0,,31,29
Mt468,1923,fiscal_year_end,稚,教員數,64.0,,31,30
Mt468,1923,fiscal_year_end,園,學生數,1563.0,,31,31
Mt468,1924,fiscal_year_end,大,校數,,missing_dot,32,2
Mt468,1924,fiscal_year_end,大,教員數,,missing_dot,32,3
Mt468,1924,fiscal_year_end,學,學生數,,missing_dot,32,4
Mt468,1924,fiscal_year_end,專門學校,校數,3.0,,32,5
Mt468,1924,fiscal_year_end,專門學校,教員數,139.0,,32,6
Mt468,1924,fiscal_year_end,專門學校,學生數,704.0,,32,7
Mt468,1924,fiscal_year_end,師範學校,校數,3.0,,32,8
Mt468,1924,fiscal_year_end,師範學校,教員數,91.0,,32,9
Mt468,1924,fiscal_year_end,師範學校,學生數,1719.0,,32,10
Mt468,1924,fiscal_year_end,中等學校(2),校數,21.0,,32,11
Mt468,1924,fiscal_year_end,中等學校(2),教員數,362.0,,32,12
Mt468,1924,fiscal_year_end,中等學校(2),學生數,6510.0,,32,13
Mt468,1924,fiscal_year_end,職業學校(3),校數,14.0,,32,14
Mt468,1924,fiscal_year_end,職業學校(3),教員數,180.0,,32,15
Mt468,1924,fiscal_year_end,職業學校(3),學生數,2130.0,,32,16
Mt468,1924,fiscal_year_end,國民學校,校數,857.0,,32,17
Mt468,1924,fiscal_year_end,國民學校,教員數,5918.0,,32,18
Mt468,1924,fiscal_year_end,國民學校,學生數,244327.0,,32,19
Mt468,1924,fiscal_year_end,盲啞學校,校數,2.0,,32,20
Mt468,1924,fiscal_year_end,盲啞學校,教員數,23.0,,32,21
Mt468,1924,fiscal_year_end,盲啞學校,學生數,245.0,,32,22
Mt468,1924,fiscal_year_end,特種學校,校數,17.0,,32,23
Mt468,1924,fiscal_year_end,特種學校,教員數,243.0,,32,24
Mt468,1924,fiscal_year_end,特種學校,學生數,2383.0,,32,25
Mt468,1924,fiscal_year_end,私,校數,126.0,,32,26
Mt468,1924,fiscal_year_end,私,教員數,180.0,,32,27
Mt468,1924,fiscal_year_end,塾,學生數,5165.0,,32,28
Mt468,1924,fiscal_year_end,幼,校數,36.0,,32,29
Mt468,1924,fiscal_year_end,稚,教員數,60.0,,32,30
Mt468,1924,fiscal_year_end,園,學生數,1754.0,,32,31
Mt468,1925,fiscal_year_end,大,校數,,missing_dot,33,2
Mt468,1925,fiscal_year_end,大,教員數,,missing_dot,33,3
Mt468,1925,fiscal_year_end,學,學生數,,missing_dot,33,4
Mt468,1925,fiscal_year_end,專門學校,校數,3.0,,33,5
Mt468,1925,fiscal_year_end,專門學校,教員數,143.0,,33,6
Mt468,1925,fiscal_year_end,專門學校,學生數,723.0,,33,7
Mt468,1925,fiscal_year_end,師範學校,校數,3.0,,33,8
Mt468,1925,fiscal_year_end,師範學校,教員數,86.0,,33,9
Mt468,1925,fiscal_year_end,師範學校,學生數,1699.0,,33,10
Mt468,1925,fiscal_year_end,中等學校(2),校數,21.0,,33,11
Mt468,1925,fiscal_year_end,中等學校(2),教員數,411.0,,33,12
Mt468,1925,fiscal_year_end,中等學校(2),學生數,7569.0,,33,13
Mt468,1925,fiscal_year_end,職業學校(3),校數,22.0,,33,14
Mt468,1925,fiscal_year_end,職業學校(3),教員數,180.0,,33,15
Mt468,1925,fiscal_year_end,職業學校(3),學生數,2246.0,,33,16
Mt468,1925,fiscal_year_end,國民學校,校數,861.0,,33,17
Mt468,1925,fiscal_year_end,國民學校,教員數,5840.0,,33,18
Mt468,1925,fiscal_year_end,國民學校,學生數,244902.0,,33,19
Mt468,1925,fiscal_year_end,盲啞學校,校數,2.0,,33,20
Mt468,1925,fiscal_year_end,盲啞學校,教員數,23.0,,33,21
Mt468,1925,fiscal_year_end,盲啞學校,學生數,212.0,,33,22
Mt468,1925,fiscal_year_end,特種學校,校數,17.0,,33,23
Mt468,1925,fiscal_year_end,特種學校,教員數,209.0,,33,24
Mt468,1925,fiscal_year_end,特種學校,學生數,2489.0,,33,25
Mt468,1925,fiscal_year_end,私,校數,129.0,,33,26
Mt468,1925,fiscal_year_end,私,教員數,190.0,,33,27
Mt468,1925,fiscal_year_end,塾,學生數,5173.0,,33,28
Mt468,1925,fiscal_year_end,幼,校數,41.0,,33,29
Mt468,1925,fiscal_year_end,稚,教員數,75.0,,33,30
Mt468,1925,fiscal_year_end,園,學生數,2056.0,,33,31
Mt468,1926,fiscal_year_end,大,校數,,missing_dot,34,2
Mt468,1926,fiscal_year_end,大,教員數,,missing_dot,34,3
Mt468,1926,fiscal_year_end,學,學生數,,missing_dot,34,4
Mt468,1926,fiscal_year_end,專門學校,校數,4.0,,34,5
Mt468,1926,fiscal_year_end,專門學校,教員數,148.0,,34,6
Mt468,1926,fiscal_year_end,專門學校,學生數,727.0,,34,7
Mt468,1926,fiscal_year_end,師範學校,校數,3.0,,34,8
Mt468,1926,fiscal_year_end,師範學校,教員數,89.0,,34,9
Mt468,1926,fiscal_year_end,師範學校,學生數,1521.0,,34,10
Mt468,1926,fiscal_year_end,中等學校(2),校數,21.0,,34,11
Mt468,1926,fiscal_year_end,中等學校(2),教員數,447.0,,34,12
Mt468,1926,fiscal_year_end,中等學校(2),學生數,8569.0,,34,13
Mt468,1926,fiscal_year_end,職業學校(3),校數,29.0,,34,14
Mt468,1926,fiscal_year_end,職業學校(3),教員數,215.0,,34,15
Mt468,1926,fiscal_year_end,職業學校(3),學生數,2633.0,,34,16
Mt468,1926,fiscal_year_end,國民學校,校數,868.0,,34,17
Mt468,1926,fiscal_year_end,國民學校,教員數,5985.0,,34,18
Mt468,1926,fiscal_year_end,國民學校,學生數,242363.0,,34,19
Mt468,1926,fiscal_year_end,盲啞學校,校數,2.0,,34,20
Mt468,1926,fiscal_year_end,盲啞學校,教員數,22.0,,34,21
Mt468,1926,fiscal_year_end,盲啞學校,學生數,229.0,,34,22
Mt468,1926,fiscal_year_end,特種學校,校數,17.0,,34,23
Mt468,1926,fiscal_year_end,特種學校,教員數,215.0,,34,24
Mt468,1926,fiscal_year_end,特種學校,學生數,2485.0,,34,25
Mt468,1926,fiscal_year_end,私,校數,136.0,,34,26
Mt468,1926,fiscal_year_end,私,教員數,208.0,,34,27
Mt468,1926,fiscal_year_end,塾,學生數,5507.0,,34,28
Mt468,1926,fiscal_year_end,幼,校數,43.0,,34,29
Mt468,1926,fiscal_year_end,稚,教員數,79.0,,34,30
Mt468,1926,fiscal_year_end,園,學生數,2359.0,,34,31
Mt468,1927,fiscal_year_end,大,校數,,missing_dot,35,2
Mt468,1927,fiscal_year_end,大,教員數,,missing_dot,35,3
Mt468,1927,fiscal_year_end,學,學生數,,missing_dot,35,4
Mt468,1927,fiscal_year_end,專門學校,校數,4.0,,35,5
Mt468,1927,fiscal_year_end,專門學校,教員數,176.0,,35,6
Mt468,1927,fiscal_year_end,專門學校,學生數,794.0,,35,7
Mt468,1927,fiscal_year_end,師範學校,校數,4.0,,35,8
Mt468,1927,fiscal_year_end,師範學校,教員數,104.0,,35,9
Mt468,1927,fiscal_year_end,師範學校,學生數,1554.0,,35,10
Mt468,1927,fiscal_year_end,中等學校(2),校數,23.0,,35,11
Mt468,1927,fiscal_year_end,中等學校(2),教員數,498.0,,35,12
Mt468,1927,fiscal_year_end,中等學校(2),學生數,9397.0,,35,13
Mt468,1927,fiscal_year_end,職業學校(3),校數,33.0,,35,14
Mt468,1927,fiscal_year_end,職業學校(3),教員數,248.0,,35,15
Mt468,1927,fiscal_year_end,職業學校(3),學生數,2968.0,,35,16
Mt468,1927,fiscal_year_end,國民學校,校數,876.0,,35,17
Mt468,1927,fiscal_year_end,國民學校,教員數,5994.0,,35,18
Mt468,1927,fiscal_year_end,國民學校,學生數,246615.0,,35,19
Mt468,1927,fiscal_year_end,盲啞學校,校數,2.0,,35,20
Mt468,1927,fiscal_year_end,盲啞學校,教員數,23.0,,35,21
Mt468,1927,fiscal_year_end,盲啞學校,學生數,322.0,,35,22
Mt468,1927,fiscal_year_end,特種學校,校數,17.0,,35,23
Mt468,1927,fiscal_year_end,特種學校,教員數,234.0,,35,24
Mt468,1927,fiscal_year_end,特種學校,學生數,2488.0,,35,25
Mt468,1927,fiscal_year_end,私,校數,137.0,,35,26
Mt468,1927,fiscal_year_end,私,教員數,215.0,,35,27
Mt468,1927,fiscal_year_end,塾,學生數,5376.0,,35,28
Mt468,1927,fiscal_year_end,幼,校數,45.0,,35,29
Mt468,1927,fiscal_year_end,稚,教員數,94.0,,35,30
Mt468,1927,fiscal_year_end,園,學生數,2538.0,,35,31
Mt468,1928,fiscal_year_end,大,校數,1.0,,36,2
Mt468,1928,fiscal_year_end,大,教員數,59.0,,36,3
Mt468,1928,fiscal_year_end,學,學生數,55.0,,36,4
Mt468,1928,fiscal_year_end,專門學校,校數,4.0,,36,5
Mt468,1928,fiscal_year_end,專門學校,教員數,169.0,,36,6
Mt468,1928,fiscal_year_end,專門學校,學生數,826.0,,36,7
Mt468,1928,fiscal_year_end,師範學校,校數,4.0,,36,8
Mt468,1928,fiscal_year_end,師範學校,教員數,107.0,,36,9
Mt468,1928,fiscal_year_end,師範學校,學生數,1353.0,,36,10
Mt468,1928,fiscal_year_end,中等學校(2),校數,23.0,,36,11
Mt468,1928,fiscal_year_end,中等學校(2),教員數,501.0,,36,12
Mt468,1928,fiscal_year_end,中等學校(2),學生數,9746.0,,36,13
Mt468,1928,fiscal_year_end,職業學校(3),校數,37.0,,36,14
Mt468,1928,fiscal_year_end,職業學校(3),教員數,266.0,,36,15
Mt468,1928,fiscal_year_end,職業學校(3),學生數,3380.0,,36,16
Mt468,1928,fiscal_year_end,國民學校,校數,882.0,,36,17
Mt468,1928,fiscal_year_end,國民學校,教員數,5925.0,,36,18
Mt468,1928,fiscal_year_end,國民學校,學生數,253291.0,,36,19
Mt468,1928,fiscal_year_end,盲啞學校,校數,2.0,,36,20
Mt468,1928,fiscal_year_end,盲啞學校,教員數,23.0,,36,21
Mt468,1928,fiscal_year_end,盲啞學校,學生數,264.0,,36,22
Mt468,1928,fiscal_year_end,特種學校,校數,18.0,,36,23
Mt468,1928,fiscal_year_end,特種學校,教員數,249.0,,36,24
Mt468,1928,fiscal_year_end,特種學校,學生數,2545.0,,36,25
Mt468,1928,fiscal_year_end,私,校數,139.0,,36,26
Mt468,1928,fiscal_year_end,私,教員數,218.0,,36,27
Mt468,1928,fiscal_year_end,塾,學生數,5597.0,,36,28
Mt468,1928,fiscal_year_end,幼,校數,49.0,,36,29
Mt468,1928,fiscal_year_end,稚,教員數,97.0,,36,30
Mt468,1928,fiscal_year_end,園,學生數,2940.0,,36,31
Mt468,1929,fiscal_year_end,大,校數,1.0,,37,2
Mt468,1929,fiscal_year_end,大,教員數,104.0,,37,3
Mt468,1929,fiscal_year_end,學,學生數,113.0,,37,4
Mt468,1929,fiscal_year_end,專門學校,校數,3.0,,37,5
Mt468,1929,fiscal_year_end,專門學校,教員數,157.0,,37,6
Mt468,1929,fiscal_year_end,專門學校,學生數,778.0,,37,7
Mt468,1929,fiscal_year_end,師範學校,校數,4.0,,37,8
Mt468,1929,fiscal_year_end,師範學校,教員數,112.0,,37,9
Mt468,1929,fiscal_year_end,師範學校,學生數,1210.0,,37,10
Mt468,1929,fiscal_year_end,中等學校(2),校數,23.0,,37,11
Mt468,1929,fiscal_year_end,中等學校(2),教員數,506.0,,37,12
Mt468,1929,fiscal_year_end,中等學校(2),學生數,10124.0,,37,13
Mt468,1929,fiscal_year_end,職業學校(3),校數,38.0,,37,14
Mt468,1929,fiscal_year_end,職業學校(3),教員數,274.0,,37,15
Mt468,1929,fiscal_year_end,職業學校(3),學生數,3800.0,,37,16
Mt468,1929,fiscal_year_end,國民學校,校數,888.0,,37,17
Mt468,1929,fiscal_year_end,國民學校,教員數,6215.0,,37,18
Mt468,1929,fiscal_year_end,國民學校,學生數,265010.0,,37,19
Mt468,1929,fiscal_year_end,盲啞學校,校數,2.0,,37,20
Mt468,1929,fiscal_year_end,盲啞學校,教員數,21.0,,37,21
Mt468,1929,fiscal_year_end,盲啞學校,學生數,266.0,,37,22
Mt468,1929,fiscal_year_end,特種學校,校數,18.0,,37,23
Mt468,1929,fiscal_year_end,特種學校,教員數,267.0,,37,24
Mt468,1929,fiscal_year_end,特種學校,學生數,2824.0,,37,25
Mt468,1929,fiscal_year_end,私,校數,160.0,,37,26
Mt468,1929,fiscal_year_end,私,教員數,236.0,,37,27
Mt468,1929,fiscal_year_end,塾,學生數,5805.0,,37,28
Mt468,1929,fiscal_year_end,幼,校數,53.0,,37,29
Mt468,1929,fiscal_year_end,稚,教員數,112.0,,37,30
Mt468,1929,fiscal_year_end,園,學生數,3273.0,,37,31
Mt468,1930,fiscal_year_end,大,校數,1.0,,38,2
Mt468,1930,fiscal_year_end,大,教員數,137.0,,38,3
Mt468,1930,fiscal_year_end,學,學生數,180.0,,38,4
Mt468,1930,fiscal_year_end,專門學校,校數,3.0,,38,5
Mt468,1930,fiscal_year_end,專門學校,教員數,163.0,,38,6
Mt468,1930,fiscal_year_end,專門學校,學生數,831.0,,38,7
Mt468,1930,fiscal_year_end,師範學校,校數,4.0,,38,8
Mt468,1930,fiscal_year_end,師範學校,教員數,108.0,,38,9
Mt468,1930,fiscal_year_end,師範學校,學生數,1190.0,,38,10
Mt468,1930,fiscal_year_end,中等學校(2),校數,23.0,,38,11
Mt468,1930,fiscal_year_end,中等學校(2),教員數,527.0,,38,12
Mt468,1930,fiscal_year_end,中等學校(2),學生數,10507.0,,38,13
Mt468,1930,fiscal_year_end,職業學校(3),校數,38.0,,38,14
Mt468,1930,fiscal_year_end,職業學校(3),教員數,316.0,,38,15
Mt468,1930,fiscal_year_end,職業學校(3),學生數,4323.0,,38,16
Mt468,1930,fiscal_year_end,國民學校,校數,891.0,,38,17
Mt468,1930,fiscal_year_end,國民學校,教員數,6320.0,,38,18
Mt468,1930,fiscal_year_end,國民學校,學生數,282641.0,,38,19
Mt468,1930,fiscal_year_end,盲啞學校,校數,2.0,,38,20
Mt468,1930,fiscal_year_end,盲啞學校,教員數,19.0,,38,21
Mt468,1930,fiscal_year_end,盲啞學校,學生數,256.0,,38,22
Mt468,1930,fiscal_year_end,特種學校,校數,18.0,,38,23
Mt468,1930,fiscal_year_end,特種學校,教員數,259.0,,38,24
Mt468,1930,fiscal_year_end,特種學校,學生數,2872.0,,38,25
Mt468,1930,fiscal_year_end,私,校數,164.0,,38,26
Mt468,1930,fiscal_year_end,私,教員數,234.0,,38,27
Mt468,1930,fiscal_year_end,塾,學生數,5964.0,,38,28
Mt468,1930,fiscal_year_end,幼,校數,59.0,,38,29
Mt468,1930,fiscal_year_end,稚,教員數,128.0,,38,30
Mt468,1930,fiscal_year_end,園,學生數,3669.0,,38,31
Mt468,1931,fiscal_year_end,大,校數,1.0,,39,2
Mt468,1931,fiscal_year_end,大,教員數,161.0,,39,3
Mt468,1931,fiscal_year_end,學,學生數,187.0,,39,4
Mt468,1931,fiscal_year_end,專門學校,校數,4.0,,39,5
Mt468,1931,fiscal_year_end,專門學校,教員數,162.0,,39,6
Mt468,1931,fiscal_year_end,專門學校,學生數,715.0,,39,7
Mt468,1931,fiscal_year_end,師範學校,校數,4.0,,39,8
Mt468,1931,fiscal_year_end,師範學校,教員數,98.0,,39,9
Mt468,1931,fiscal_year_end,師範學校,學生數,1180.0,,39,10
Mt468,1931,fiscal_year_end,中等學校(2),校數,23.0,,39,11
Mt468,1931,fiscal_year_end,中等學校(2),教員數,516.0,,39,12
Mt468,1931,fiscal_year_end,中等學校(2),學生數,10732.0,,39,13
Mt468,1931,fiscal_year_end,職業學校(3),校數,38.0,,39,14
Mt468,1931,fiscal_year_end,職業學校(3),教員數,324.0,,39,15
Mt468,1931,fiscal_year_end,職業學校(3),學生數,4679.0,,39,16
Mt468,1931,fiscal_year_end,國民學校,校數,894.0,,39,17
Mt468,1931,fiscal_year_end,國民學校,教員數,6453.0,,39,18
Mt468,1931,fiscal_year_end,國民學校,學生數,301930.0,,39,19
Mt468,1931,fiscal_year_end,盲啞學校,校數,2.0,,39,20
Mt468,1931,fiscal_year_end,盲啞學校,教員數,23.0,,39,21
Mt468,1931,fiscal_year_end,盲啞學校,學生數,278.0,,39,22
Mt468,1931,fiscal_year_end,特種學校,校數,16.0,,39,23
Mt468,1931,fiscal_year_end,特種學校,教員數,227.0,,39,24
Mt468,1931,fiscal_year_end,特種學校,學生數,2588.0,,39,25
Mt468,1931,fiscal_year_end,私,校數,157.0,,39,26
Mt468,1931,fiscal_year_end,私,教員數,217.0,,39,27
Mt468,1931,fiscal_year_end,塾,學生數,5383.0,,39,28
Mt468,1931,fiscal_year_end,幼,校數,61.0,,39,29
Mt468,1931,fiscal_year_end,稚,教員數,135.0,,39,30
Mt468,1931,fiscal_year_end,園,學生數,3693.0,,39,31
Mt468,1932,fiscal_year_end,大,校數,1.0,,40,2
Mt468,1932,fiscal_year_end,大,教員數,154.0,,40,3
Mt468,1932,fiscal_year_end,學,學生數,176.0,,40,4
Mt468,1932,fiscal_year_end,專門學校,校數,4.0,,40,5
Mt468,1932,fiscal_year_end,專門學校,教員數,164.0,,40,6
Mt468,1932,fiscal_year_end,專門學校,學生數,844.0,,40,7
Mt468,1932,fiscal_year_end,師範學校,校數,4.0,,40,8
Mt468,1932,fiscal_year_end,師範學校,教員數,99.0,,40,9
Mt468,1932,fiscal_year_end,師範學校,學生數,1223.0,,40,10
Mt468,1932,fiscal_year_end,中等學校(2),校數,24.0,,40,11
Mt468,1932,fiscal_year_end,中等學校(2),教員數,527.0,,40,12
Mt468,1932,fiscal_year_end,中等學校(2),學生數,11004.0,,40,13
Mt468,1932,fiscal_year_end,職業學校(3),校數,39.0,,40,14
Mt468,1932,fiscal_year_end,職業學校(3),教員數,335.0,,40,15
Mt468,1932,fiscal_year_end,職業學校(3),學生數,5046.0,,40,16
Mt468,1932,fiscal_year_end,國民學校,校數,895.0,,40,17
Mt468,1932,fiscal_year_end,國民學校,教員數,6544.0,,40,18
Mt468,1932,fiscal_year_end,國民學校,學生數,319698.0,,40,19
Mt468,1932,fiscal_year_end,盲啞學校,校數,2.0,,40,20
Mt468,1932,fiscal_year_end,盲啞學校,教員數,22.0,,40,21
Mt468,1932,fiscal_year_end,盲啞學校,學生數,282.0,,40,22
Mt468,1932,fiscal_year_end,特種學校,校數,20.0,,40,23
Mt468,1932,fiscal_year_end,特種學校,教員數,274.0,,40,24
Mt468,1932,fiscal_year_end,特種學校,學生數,3238.0,,40,25
Mt468,1932,fiscal_year_end,私,校數,142.0,,40,26
Mt468,1932,fiscal_year_end,私,教員數,203.0,,40,27
Mt468,1932,fiscal_year_end,塾,學生數,4722.0,,40,28
Mt468,1932,fiscal_year_end,幼,校數,66.0,,40,29
Mt468,1932,fiscal_year_end,稚,教員數,144.0,,40,30
Mt468,1932,fiscal_year_end,園,學生數,3891.0,,40,31
Mt468,1933,fiscal_year_end,大,校數,1.0,,41,2
Mt468,1933,fiscal_year_end,大,教員數,105.0,,41,3
Mt468,1933,fiscal_year_end,學,學生數,158.0,,41,4
Mt468,1933,fiscal_year_end,專門學校,校數,4.0,,41,5
Mt468,1933,fiscal_year_end,專門學校,教員數,180.0,,41,6
Mt468,1933,fiscal_year_end,專門學校,學生數,932.0,,41,7
Mt468,1933,fiscal_year_end,師範學校,校數,4.0,,41,8
Mt468,1933,fiscal_year_end,師範學校,教員數,104.0,,41,9
Mt468,1933,fiscal_year_end,師範學校,學生數,1238.0,,41,10
Mt468,1933,fiscal_year_end,中等學校(2),校數,24.0,,41,11
Mt468,1933,fiscal_year_end,中等學校(2),教員數,526.0,,41,12
Mt468,1933,fiscal_year_end,中等學校(2),學生數,11283.0,,41,13
Mt468,1933,fiscal_year_end,職業學校(3),校數,40.0,,41,14
Mt468,1933,fiscal_year_end,職業學校(3),教員數,331.0,,41,15
Mt468,1933,fiscal_year_end,職業學校(3),學生數,5154.0,,41,16
Mt468,1933,fiscal_year_end,國民學校,校數,904.0,,41,17
Mt468,1933,fiscal_year_end,國民學校,教員數,6786.0,,41,18
Mt468,1933,fiscal_year_end,國民學校,學生數,349112.0,,41,19
Mt468,1933,fiscal_year_end,盲啞學校,校數,2.0,,41,20
Mt468,1933,fiscal_year_end,盲啞學校,教員數,22.0,,41,21
Mt468,1933,fiscal_year_end,盲啞學校,學生數,286.0,,41,22
Mt468,1933,fiscal_year_end,特種學校,校數,19.0,,41,23
Mt468,1933,fiscal_year_end,特種學校,教員數,267.0,,41,24
Mt468,1933,fiscal_year_end,特種學校,學生數,3423.0,,41,25
Mt468,1933,fiscal_year_end,私,校數,129.0,,41,26
Mt468,1933,fiscal_year_end,私,教員數,185.0,,41,27
Mt468,1933,fiscal_year_end,塾,學生數,4494.0,,41,28
Mt468,1933,fiscal_year_end,幼,校數,69.0,,41,29
Mt468,1933,fiscal_year_end,稚,教員數,149.0,,41,30
Mt468,1933,fiscal_year_end,園,學生數,4025.0,,41,31
Mt468,1934,fiscal_year_end,大,校數,1.0,,42,2
Mt468,1934,fiscal_year_end,大,教員數,105.0,,42,3
Mt468,1934,fiscal_year_end,學,學生數,128.0,,42,4
Mt468,1934,fiscal_year_end,專門學校,校數,4.0,,42,5
Mt468,1934,fiscal_year_end,專門學校,教員數,185.0,,42,6
Mt468,1934,fiscal_year_end,專門學校,學生數,944.0,,42,7
Mt468,1934,fiscal_year_end,師範學校,校數,4.0,,42,8
Mt468,1934,fiscal_year_end,師範學校,教員數,104.0,,42,9
Mt468,1934,fiscal_year_end,師範學校,學生數,1370.0,,42,10
Mt468,1934,fiscal_year_end,中等學校(2),校數,24.0,,42,11
Mt468,1934,fiscal_year_end,中等學校(2),教員數,547.0,,42,12
Mt468,1934,fiscal_year_end,中等學校(2),學生數,11672.0,,42,13
Mt468,1934,fiscal_year_end,職業學校(3),校數,41.0,,42,14
Mt468,1934,fiscal_year_end,職業學校(3),教員數,342.0,,42,15
Mt468,1934,fiscal_year_end,職業學校(3),學生數,5241.0,,42,16
Mt468,1934,fiscal_year_end,國民學校,校數,905.0,,42,17
Mt468,1934,fiscal_year_end,國民學校,教員數,7025.0,,42,18
Mt468,1934,fiscal_year_end,國民學校,學生數,375960.0,,42,19
Mt468,1934,fiscal_year_end,盲啞學校,校數,2.0,,42,20
Mt468,1934,fiscal_year_end,盲啞學校,教員數,20.0,,42,21
Mt468,1934,fiscal_year_end,盲啞學校,學生數,292.0,,42,22
Mt468,1934,fiscal_year_end,特種學校,校數,19.0,,42,23
Mt468,1934,fiscal_year_end,特種學校,教員數,258.0,,42,24
Mt468,1934,fiscal_year_end,特種學校,學生數,3481.0,,42,25
Mt468,1934,fiscal_year_end,私,校數,110.0,,42,26
Mt468,1934,fiscal_year_end,私,教員數,147.0,,42,27
Mt468,1934,fiscal_year_end,塾,學生數,3524.0,,42,28
Mt468,1934,fiscal_year_end,幼,校數,71.0,,42,29
Mt468,1934,fiscal_year_end,稚,教員數,146.0,,42,30
Mt468,1934,fiscal_year_end,園,學生數,3914.0,,42,31
Mt468,1935,fiscal_year_end,大,校數,1.0,,43,2
Mt468,1935,fiscal_year_end,大,教員數,105.0,,43,3
Mt468,1935,fiscal_year_end,學,學生數,114.0,,43,4
Mt468,1935,fiscal_year_end,專門學校,校數,4.0,,43,5
Mt468,1935,fiscal_year_end,專門學校,教員數,186.0,,43,6
Mt468,1935,fiscal_year_end,專門學校,學生數,976.0,,43,7
Mt468,1935,fiscal_year_end,師範學校,校數,4.0,,43,8
Mt468,1935,fiscal_year_end,師範學校,教員數,106.0,,43,9
Mt468,1935,fiscal_year_end,師範學校,學生數,1379.0,,43,10
Mt468,1935,fiscal_year_end,中等學校(2),校數,24.0,,43,11
Mt468,1935,fiscal_year_end,中等學校(2),教員數,569.0,,43,12
Mt468,1935,fiscal_year_end,中等學校(2),學生數,12241.0,,43,13
Mt468,1935,fiscal_year_end,職業學校(3),校數,46.0,,43,14
Mt468,1935,fiscal_year_end,職業學校(3),教員數,375.0,,43,15
Mt468,1935,fiscal_year_end,職業學校(3),學生數,5552.0,,43,16
Mt468,1935,fiscal_year_end,國民學校,校數,917.0,,43,17
Mt468,1935,fiscal_year_end,國民學校,教員數,7307.0,,43,18
Mt468,1935,fiscal_year_end,國民學校,學生數,407449.0,,43,19
Mt468,1935,fiscal_year_end,盲啞學校,校數,2.0,,43,20
Mt468,1935,fiscal_year_end,盲啞學校,教員數,22.0,,43,21
Mt468,1935,fiscal_year_end,盲啞學校,學生數,282.0,,43,22
Mt468,1935,fiscal_year_end,特種學校,校數,21.0,,43,23
Mt468,1935,fiscal_year_end,特種學校,教員數,291.0,,43,24
Mt468,1935,fiscal_year_end,特種學校,學生數,4175.0,,43,25
Mt468,1935,fiscal_year_end,私,校數,89.0,,43,26
Mt468,1935,fiscal_year_end,私,教員數,129.0,,43,27
Mt468,1935,fiscal_year_end,塾,學生數,3176.0,,43,28
Mt468,1935,fiscal_year_end,幼,校數,72.0,,43,29
Mt468,1935,fiscal_year_end,稚,教員數,146.0,,43,30
Mt468,1935,fiscal_year_end,園,學生數,4255.0,,43,31
Mt468,1936,fiscal_year_end,大,校數,1.0,,44,2
Mt468,1936,fiscal_year_end,大,教員數,119.0,,44,3
Mt468,1936,fiscal_year_end,學,學生數,136.0,,44,4
Mt468,1936,fiscal_year_end,專門學校,校數,4.0,,44,5
Mt468,1936,fiscal_year_end,專門學校,教員數,184.0,,44,6
Mt468,1936,fiscal_year_end,專門學校,學生數,864.0,,44,7
Mt468,1936,fiscal_year_end,師範學校,校數,4.0,,44,8
Mt468,1936,fiscal_year_end,師範學校,教員數,107.0,,44,9
Mt468,1936,fiscal_year_end,師範學校,學生數,1369.0,,44,10
Mt468,1936,fiscal_year_end,中等學校(2),校數,25.0,,44,11
Mt468,1936,fiscal_year_end,中等學校(2),教員數,598.0,,44,12
Mt468,1936,fiscal_year_end,中等學校(2),學生數,13027.0,,44,13
Mt468,1936,fiscal_year_end,職業學校(3),校數,50.0,,44,14
Mt468,1936,fiscal_year_end,職業學校(3),教員數,421.0,,44,15
Mt468,1936,fiscal_year_end,職業學校(3),學生數,6338.0,,44,16
Mt468,1936,fiscal_year_end,國民學校,校數,925.0,,44,17
Mt468,1936,fiscal_year_end,國民學校,教員數,7772.0,,44,18
Mt468,1936,fiscal_year_end,國民學校,學生數,441559.0,,44,19
Mt468,1936,fiscal_year_end,盲啞學校,校數,2.0,,44,20
Mt468,1936,fiscal_year_end,盲啞學校,教員數,21.0,,44,21
Mt468,1936,fiscal_year_end,盲啞學校,學生數,279.0,,44,22
Mt468,1936,fiscal_year_end,特種學校,校數,22.0,,44,23
Mt468,1936,fiscal_year_end,特種學校,教員數,323.0,,44,24
Mt468,1936,fiscal_year_end,特種學校,學生數,4835.0,,44,25
Mt468,1936,fiscal_year_end,私,校數,62.0,,44,26
Mt468,1936,fiscal_year_end,私,教員數,103.0,,44,27
Mt468,1936,fiscal_year_end,塾,學生數,2458.0,,44,28
Mt468,1936,fiscal_year_end,幼,校數,76.0,,44,29
Mt468,1936,fiscal_year_end,稚,教員數,165.0,,44,30
Mt468,1936,fiscal_year_end,園,學生數,4811.0,,44,31
Mt468,1937,fiscal_year_end,大,校數,1.0,,45,2
Mt468,1937,fiscal_year_end,大,教員數,144.0,,45,3
Mt468,1937,fiscal_year_end,學,學生數,187.0,,45,4
Mt468,1937,fiscal_year_end,專門學校,校數,4.0,,45,5
Mt468,1937,fiscal_year_end,專門學校,教員數,181.0,,45,6
Mt468,1937,fiscal_year_end,專門學校,學生數,829.0,,45,7
Mt468,1937,fiscal_year_end,師範學校,校數,4.0,,45,8
Mt468,1937,fiscal_year_end,師範學校,教員數,107.0,,45,9
Mt468,1937,fiscal_year_end,師範學校,學生數,1412.0,,45,10
Mt468,1937,fiscal_year_end,中等學校(2),校數,26.0,,45,11
Mt468,1937,fiscal_year_end,中等學校(2),教員數,656.0,,45,12
Mt468,1937,fiscal_year_end,中等學校(2),學生數,14101.0,,45,13
Mt468,1937,fiscal_year_end,職業學校(3),校數,62.0,,45,14
Mt468,1937,fiscal_year_end,職業學校(3),教員數,528.0,,45,15
Mt468,1937,fiscal_year_end,職業學校(3),學生數,8003.0,,45,16
Mt468,1937,fiscal_year_end,國民學校,校數,931.0,,45,17
Mt468,1937,fiscal_year_end,國民學校,教員數,8350.0,,45,18
Mt468,1937,fiscal_year_end,國民學校,學生數,489067.0,,45,19
Mt468,1937,fiscal_year_end,盲啞學校,校數,2.0,,45,20
Mt468,1937,fiscal_year_end,盲啞學校,教員數,24.0,,45,21
Mt468,1937,fiscal_year_end,盲啞學校,學生數,290.0,,45,22
Mt468,1937,fiscal_year_end,特種學校,校數,21.0,,45,23
Mt468,1937,fiscal_year_end,特種學校,教員數,305.0,,45,24
Mt468,1937,fiscal_year_end,特種學校,學生數,4965.0,,45,25
Mt468,1937,fiscal_year_end,私,校數,28.0,,45,26
Mt468,1937,fiscal_year_end,私,教員數,61.0,,45,27
Mt468,1937,fiscal_year_end,塾,學生數,1469.0,,45,28
Mt468,1937,fiscal_year_end,幼,校數,83.0,,45,29
Mt468,1937,fiscal_year_end,稚,教員數,188.0,,45,30
Mt468,1937,fiscal_year_end,園,學生數,5560.0,,45,31
Mt468,1938,fiscal_year_end,大,校數,1.0,,46,2
Mt468,1938,fiscal_year_end,大,教員數,164.0,,46,3
Mt468,1938,fiscal_year_end,學,學生數,228.0,,46,4
Mt468,1938,fiscal_year_end,專門學校,校數,4.0,,46,5
Mt468,1938,fiscal_year_end,專門學校,教員數,181.0,,46,6
Mt468,1938,fiscal_year_end,專門學校,學生數,812.0,,46,7
Mt468,1938,fiscal_year_end,師範學校,校數,4.0,,46,8
Mt468,1938,fiscal_year_end,師範學校,教員數,108.0,,46,9
Mt468,1938,fiscal_year_end,師範學校,學生數,1546.0,,46,10
Mt468,1938,fiscal_year_end,中等學校(2),校數,30.0,,46,11
Mt468,1938,fiscal_year_end,中等學校(2),教員數,748.0,,46,12
Mt468,1938,fiscal_year_end,中等學校(2),學生數,15715.0,,46,13
Mt468,1938,fiscal_year_end,職業學校(3),校數,72.0,,46,14
Mt468,1938,fiscal_year_end,職業學校(3),教員數,676.0,,46,15
Mt468,1938,fiscal_year_end,職業學校(3),學生數,10477.0,,46,16
Mt468,1938,fiscal_year_end,國民學校,校數,943.0,,46,17
Mt468,1938,fiscal_year_end,國民學校,教員數,8947.0,,46,18
Mt468,1938,fiscal_year_end,國民學校,學生數,544946.0,,46,19
Mt468,1938,fiscal_year_end,盲啞學校,校數,2.0,,46,20
Mt468,1938,fiscal_year_end,盲啞學校,教員數,28.0,,46,21
Mt468,1938,fiscal_year_end,盲啞學校,學生數,294.0,,46,22
Mt468,1938,fiscal_year_end,特種學校,校數,20.0,,46,23
Mt468,1938,fiscal_year_end,特種學校,教員數,318.0,,46,24
Mt468,1938,fiscal_year_end,特種學校,學生數,5101.0,,46,25
Mt468,1938,fiscal_year_end,私,校數,19.0,,46,26
Mt468,1938,fiscal_year_end,私,教員數,43.0,,46,27
Mt468,1938,fiscal_year_end,塾,學生數,1034.0,,46,28
Mt468,1938,fiscal_year_end,幼,校數,85.0,,46,29
Mt468,1938,fiscal_year_end,稚,教員數,198.0,,46,30
Mt468,1938,fiscal_year_end,園,學生數,6193.0,,46,31
Mt468,1939,fiscal_year_end,大,校數,1.0,,47,2
Mt468,1939,fiscal_year_end,大,教員數,169.0,,47,3
Mt468,1939,fiscal_year_end,學,學生數,282.0,,47,4
Mt468,1939,fiscal_year_end,專門學校,校數,4.0,,47,5
Mt468,1939,fiscal_year_end,專門學校,教員數,187.0,,47,6
Mt468,1939,fiscal_year_end,專門學校,學生數,831.0,,47,7
Mt468,1939,fiscal_year_end,師範學校,校數,4.0,,47,8
Mt468,1939,fiscal_year_end,師範學校,教員數,129.0,,47,9
Mt468,1939,fiscal_year_end,師範學校,學生數,1748.0,,47,10
Mt468,1939,fiscal_year_end,中等學校(2),校數,34.0,,47,11
Mt468,1939,fiscal_year_end,中等學校(2),教員數,859.0,,47,12
Mt468,1939,fiscal_year_end,中等學校(2),學生數,18684.0,,47,13
Mt468,1939,fiscal_year_end,職業學校(3),校數,79.0,,47,14
Mt468,1939,fiscal_year_end,職業學校(3),教員數,707.0,,47,15
Mt468,1939,fiscal_year_end,職業學校(3),學生數,13207.0,,47,16
Mt468,1939,fiscal_year_end,國民學校,校數,957.0,,47,17
Mt468,1939,fiscal_year_end,國民學校,教員數,9918.0,,47,18
Mt468,1939,fiscal_year_end,國民學校,學生數,593990.0,,47,19
Mt468,1939,fiscal_year_end,盲啞學校,校數,2.0,,47,20
Mt468,1939,fiscal_year_end,盲啞學校,教員數,26.0,,47,21
Mt468,1939,fiscal_year_end,盲啞學校,學生數,328.0,,47,22
Mt468,1939,fiscal_year_end,特種學校,校數,14.0,,47,23
Mt468,1939,fiscal_year_end,特種學校,教員數,220.0,,47,24
Mt468,1939,fiscal_year_end,特種學校,學生數,3184.0,,47,25
Mt468,1939,fiscal_year_end,私,校數,17.0,,47,26
Mt468,1939,fiscal_year_end,私,教員數,40.0,,47,27
Mt468,1939,fiscal_year_end,塾,學生數,932.0,,47,28
Mt468,1939,fiscal_year_end,幼,校數,87.0,,47,29
Mt468,1939,fiscal_year_end,稚,教員數,225.0,,47,30
Mt468,1939,fiscal_year_end,園,學生數,6675.0,,47,31
Mt468,1940,fiscal_year_end,大,校數,1.0,,48,2
Mt468,1940,fiscal_year_end,大,教員數,182.0,,48,3
Mt468,1940,fiscal_year_end,學,學生數,322.0,,48,4
Mt468,1940,fiscal_year_end,專門學校,校數,4.0,,48,5
Mt468,1940,fiscal_year_end,專門學校,教員數,190.0,,48,6
Mt468,1940,fiscal_year_end,專門學校,學生數,1078.0,,48,7
Mt468,1940,fiscal_year_end,師範學校,校數,6.0,,48,8
Mt468,1940,fiscal_year_end,師範學校,教員數,166.0,,48,9
Mt468,1940,fiscal_year_end,師範學校,學生數,2002.0,,48,10
Mt468,1940,fiscal_year_end,中等學校(2),校數,36.0,,48,11
Mt468,1940,fiscal_year_end,中等學校(2),教員數,904.0,,48,12
Mt468,1940,fiscal_year_end,中等學校(2),學生數,20466.0,,48,13
Mt468,1940,fiscal_year_end,職業學校(3),校數,89.0,,48,14
Mt468,1940,fiscal_year_end,職業學校(3),教員數,890.0,,48,15
Mt468,1940,fiscal_year_end,職業學校(3),學生數,16240.0,,48,16
Mt468,1940,fiscal_year_end,國民學校,校數,974.0,,48,17
Mt468,1940,fiscal_year_end,國民學校,教員數,10866.0,,48,18
Mt468,1940,fiscal_year_end,國民學校,學生數,671059.0,,48,19
Mt468,1940,fiscal_year_end,盲啞學校,校數,2.0,,48,20
Mt468,1940,fiscal_year_end,盲啞學校,教員數,28.0,,48,21
Mt468,1940,fiscal_year_end,盲啞學校,學生數,464.0,,48,22
Mt468,1940,fiscal_year_end,特種學校,校數,12.0,,48,23
Mt468,1940,fiscal_year_end,特種學校,教員數,205.0,,48,24
Mt468,1940,fiscal_year_end,特種學校,學生數,3296.0,,48,25
Mt468,1940,fiscal_year_end,私,校數,,missing_dot,48,26
Mt468,1940,fiscal_year_end,私,教員數,,missing_dot,48,27
Mt468,1940,fiscal_year_end,塾,學生數,,missing_dot,48,28
Mt468,1940,fiscal_year_end,幼,校數,91.0,,48,29
Mt468,1940,fiscal_year_end,稚,教員數,234.0,,48,30
Mt468,1940,fiscal_year_end,園,學生數,7442.0,,48,31
Mt468,1941,fiscal_year_end,大,校數,1.0,,49,2
Mt468,1941,fiscal_year_end,大,教員數,184.0,,49,3
Mt468,1941,fiscal_year_end,學,學生數,258.0,,49,4
Mt468,1941,fiscal_year_end,專門學校,校數,4.0,,49,5
Mt468,1941,fiscal_year_end,專門學校,教員數,203.0,,49,6
Mt468,1941,fiscal_year_end,專門學校,學生數,1084.0,,49,7
Mt468,1941,fiscal_year_end,師範學校,校數,6.0,,49,8
Mt468,1941,fiscal_year_end,師範學校,教員數,165.0,,49,9
Mt468,1941,fiscal_year_end,師範學校,學生數,2579.0,,49,10
Mt468,1941,fiscal_year_end,中等學校(2),校數,39.0,,49,11
Mt468,1941,fiscal_year_end,中等學校(2),教員數,1014.0,,49,12
Mt468,1941,fiscal_year_end,中等學校(2),學生數,22252.0,,49,13
Mt468,1941,fiscal_year_end,職業學校(3),校數,99.0,,49,14
Mt468,1941,fiscal_year_end,職業學校(3),教員數,1048.0,,49,15
Mt468,1941,fiscal_year_end,職業學校(3),學生數,19247.0,,49,16
Mt468,1941,fiscal_year_end,國民學校,校數,1003.0,,49,17
Mt468,1941,fiscal_year_end,國民學校,教員數,12292.0,,49,18
Mt468,1941,fiscal_year_end,國民學校,學生數,728436.0,,49,19
Mt468,1941,fiscal_year_end,盲啞學校,校數,2.0,,49,20
Mt468,1941,fiscal_year_end,盲啞學校,教員數,26.0,,49,21
Mt468,1941,fiscal_year_end,盲啞學校,學生數,340.0,,49,22
Mt468,1941,fiscal_year_end,特種學校,校數,11.0,,49,23
Mt468,1941,fiscal_year_end,特種學校,教員數,177.0,,49,24
Mt468,1941,fiscal_year_end,特種學校,學生數,2814.0,,49,25
Mt468,1941,fiscal_year_end,私,校數,,missing_dot,49,26
Mt468,1941,fiscal_year_end,私,教員數,,missing_dot,49,27
Mt468,1941,fiscal_year_end,塾,學生數,,missing_dot,49,28
Mt468,1941,fiscal_year_end,幼,校數,98.0,,49,29
Mt468,1941,fiscal_year_end,稚,教員數,231.0,,49,30
Mt468,1941,fiscal_year_end,園,學生數,8347.0,,49,31
Mt468,1942,fiscal_year_end,大,校數,1.0,,51,2
Mt468,1942,fiscal_year_end,大,教員數,187.0,,51,3
Mt468,1942,fiscal_year_end,學,學生數,458.0,,51,4
Mt468,1942,fiscal_year_end,專門學校,校數,4.0,,51,5
Mt468,1942,fiscal_year_end,專門學校,教員數,229.0,,51,6
Mt468,1942,fiscal_year_end,專門學校,學生數,1312.0,,51,7
Mt468,1942,fiscal_year_end,師範學校,校數,6.0,,51,8
Mt468,1942,fiscal_year_end,師範學校,教員數,185.0,,51,9
Mt468,1942,fiscal_year_end,師範學校,學生數,2579.0,,51,10
Mt468,1942,fiscal_year_end,中等學校(2),校數,42.0,,51,11
Mt468,1942,fiscal_year_end,中等學校(2),教員數,1053.0,,51,12
Mt468,1942,fiscal_year_end,中等學校(2),學生數,24401.0,,51,13
Mt468,1942,fiscal_year_end,職業學校(3),校數,104.0,,51,14
Mt468,1942,fiscal_year_end,職業學校(3),教員數,1275.0,,51,15
Mt468,1942,fiscal_year_end,職業學校(3),學生數,23220.0,,51,16
Mt468,1942,fiscal_year_end,國民學校,校數,964.0,,51,17
Mt468,1942,fiscal_year_end,國民學校,教員數,13862.0,,51,18
Mt468,1942,fiscal_year_end,國民學校,學生數,792271.0,,51,19
Mt468,1942,fiscal_year_end,盲啞學校,校數,2.0,,51,20
Mt468,1942,fiscal_year_end,盲啞學校,教員數,25.0,,51,21
Mt468,1942,fiscal_year_end,盲啞學校,學生數,333.0,,51,22
Mt468,1942,fiscal_year_end,特種學校,校數,10.0,,51,23
Mt468,1942,fiscal_year_end,特種學校,教員數,182.0,,51,24
Mt468,1942,fiscal_year_end,特種學校,學生數,2945.0,,51,25
Mt468,1942,fiscal_year_end,私,校數,,missing_dot,51,26
Mt468,1942,fiscal_year_end,私,教員數,,missing_dot,51,27
Mt468,1942,fiscal_year_end,塾,學生數,,missing_dot,51,28
Mt468,1942,fiscal_year_end,幼,校數,97.0,,51,29
Mt468,1942,fiscal_year_end,稚,教員數,239.0,,51,30
Mt468,1942,fiscal_year_end,園,學生數,8577.0,,51,31
Mt468,1943,fiscal_year_end,大,校數,1.0,,53,2
Mt468,1943,fiscal_year_end,大,教員數,163.0,,53,3
Mt468,1943,fiscal_year_end,學,學生數,454.0,,53,4
Mt468,1943,fiscal_year_end,專門學校,校數,4.0,,53,5
Mt468,1943,fiscal_year_end,專門學校,教員數,160.0,,53,6
Mt468,1943,fiscal_year_end,專門學校,學生數,1755.0,,53,7
Mt468,1943,fiscal_year_end,師範學校,校數,3.0,,53,8
Mt468,1943,fiscal_year_end,師範學校,教員數,153.0,,53,9
Mt468,1943,fiscal_year_end,師範學校,學生數,2642.0,,53,10
Mt468,1943,fiscal_year_end,中等學校(2),校數,44.0,,53,11
Mt468,1943,fiscal_year_end,中等學校(2),教員數,876.0,,53,12
Mt468,1943,fiscal_year_end,中等學校(2),學生數,27165.0,,53,13
Mt468,1943,fiscal_year_end,職業學校(3),校數,109.0,,53,14
Mt468,1943,fiscal_year_end,職業學校(3),教員數,957.0,,53,15
Mt468,1943,fiscal_year_end,職業學校(3),學生數,28993.0,,53,16
Mt468,1943,fiscal_year_end,國民學校,校數,1074.0,,53,17
Mt468,1943,fiscal_year_end,國民學校,教員數,14666.0,,53,18
Mt468,1943,fiscal_year_end,國民學校,學生數,862674.0,,53,19
Mt468,1943,fiscal_year_end,盲啞學校,校數,2.0,,53,20
Mt468,1943,fiscal_year_end,盲啞學校,教員數,17.0,,53,21
Mt468,1943,fiscal_year_end,盲啞學校,學生數,369.0,,53,22
Mt468,1943,fiscal_year_end,特種學校,校數,9.0,,53,23
Mt468,1943,fiscal_year_end,特種學校,教員數,168.0,,53,24
Mt468,1943,fiscal_year_end,特種學校,學生數,3724.0,,53,25
Mt468,1943,fiscal_year_end,私,校數,,missing_dot,53,26
Mt468,1943,fiscal_year_end,私,教員數,,missing_dot,53,27
Mt468,1943,fiscal_year_end,塾,學生數,,missing_dot,53,28
Mt468,1943,fiscal_year_end,幼,校數,96.0,,53,29
Mt468,1943,fiscal_year_end,稚,教員數,251.0,,53,30
Mt468,1943,fiscal_year_end,園,學生數,9395.0,,53,31
Mt468,1944,fiscal_year_end,大,校數,1.0,,55,2
Mt468,1944,fiscal_year_end,大,教員數,173.0,,55,3
Mt468,1944,fiscal_year_end,學,學生數,357.0,,55,4
Mt468,1944,fiscal_year_end,專門學校,校數,4.0,,55,5
Mt468,1944,fiscal_year_end,專門學校,教員數,149.0,,55,6
Mt468,1944,fiscal_year_end,專門學校,學生數,1817.0,,55,7
Mt468,1944,fiscal_year_end,師範學校,校數,3.0,,55,8
Mt468,1944,fiscal_year_end,師範學校,教員數,186.0,,55,9
Mt468,1944,fiscal_year_end,師範學校,學生數,2888.0,,55,10
Mt468,1944,fiscal_year_end,中等學校(2),校數,45.0,,55,11
Mt468,1944,fiscal_year_end,中等學校(2),教員數,938.0,,55,12
Mt468,1944,fiscal_year_end,中等學校(2),學生數,29005.0,,55,13
Mt468,1944,fiscal_year_end,職業學校(3),校數,117.0,,55,14
Mt468,1944,fiscal_year_end,職業學校(3),教員數,1091.0,,55,15
Mt468,1944,fiscal_year_end,職業學校(3),學生數,32718.0,,55,16
Mt468,1944,fiscal_year_end,國民學校,校數,1099.0,,55,17
Mt468,1944,fiscal_year_end,國民學校,教員數,15483.0,,55,18
Mt468,1944,fiscal_year_end,國民學校,學生數,932525.0,,55,19
Mt468,1944,fiscal_year_end,盲啞學校,校數,2.0,,55,20
Mt468,1944,fiscal_year_end,盲啞學校,教員數,19.0,,55,21
Mt468,1944,fiscal_year_end,盲啞學校,學生數,346.0,,55,22
Mt468,1944,fiscal_year_end,特種學校,校數,9.0,,55,23
Mt468,1944,fiscal_year_end,特種學校,教員數,210.0,,55,24
Mt468,1944,fiscal_year_end,特種學校,學生數,3260.0,,55,25
Mt468,1944,fiscal_year_end,私,校數,,missing_dot,55,26
Mt468,1944,fiscal_year_end,私,教員數,,missing_dot,55,27
Mt468,1944,fiscal_year_end,塾,學生數,,missing_dot,55,28
Mt468,1944,fiscal_year_end,幼,校數,95.0,,55,29
Mt468,1944,fiscal_year_end,稚,教員數,273.0,,55,30
Mt468,1944,fiscal_year_end,園,學生數,8672.0,,55,31
